0.407988,0.0235499,-0.367208,0.530081,0.659088
0.407988,0.0235499,-0.367208,0.530081,0.659088
0.407988,0.0235499,-0.367208,0.418982,0.659088
0.407988,0.0235499,-0.367208,0.418982,0.513015
0.407988,0.408736,-0.367208,0.418982,0.513015
0.499583,0.408736,-0.367208,0.418982,0.513015
0.499583,0.408736,-0.367208,0.418982,0.510777
0.499583,0.408736,-0.367208,0.418982,0.510777
0.531776,0.408736,-0.367208,0.418982,0.510777
0.531776,0.171437,-0.367208,0.418982,0.510777
0.360092,0.171437,-0.367208,0.418982,0.510777
0.360092,0.171437,-0.342789,0.418982,0.510777
0.360092,0.171437,-0.342789,0.418982,0.437633
0.360092,0.171437,-0.298772,0.418982,0.437633
0.360092,0.171437,-0.298772,0.158996,0.437633
0.360092,0.171437,-0.298772,0.158996,0.536985
0.360092,0.171437,-0.298772,0.158996,0.359357
0.360092,0.171437,-0.298772,0.351441,0.359357
0.360092,-0.165442,-0.298772,0.351441,0.359357
0.360092,-0.165442,-0.298772,0.351441,0.364167
0.41113,-0.165442,-0.298772,0.351441,0.364167
0.41113,-0.165442,-0.298772,0.351441,0.289167
0.41113,-0.165442,-0.438887,0.351441,0.289167
0.41113,0.492819,-0.438887,0.351441,0.289167
0.41113,-0.10933,-0.438887,0.351441,0.289167
0.41113,-0.10933,-0.438887,0.351441,0.539519
0.428503,-0.10933,-0.438887,0.351441,0.539519
0.428503,-0.10933,-0.31867,0.351441,0.539519
0.428503,0.738789,-0.31867,0.351441,0.539519
0.428503,0.738789,-0.31867,0.351441,0.539519
0.428503,0.738789,-0.12808,0.351441,0.539519
0.428503,0.738789,-0.236986,0.351441,0.539519
0.428503,0.12117,-0.236986,0.351441,0.539519
0.428503,0.12117,-0.236986,0.351441,0.410448
0.428503,0.12117,-0.723947,0.351441,0.410448
0.428503,0.12117,-0.723947,0.285262,0.410448
0.428503,0.143018,-0.723947,0.285262,0.410448
0.428503,0.143018,-0.277327,0.285262,0.410448
0.428503,0.143018,-0.0926149,0.285262,0.410448
0.428503,0.143018,-0.0662829,0.285262,0.410448
0.556526,0.143018,-0.0662829,0.285262,0.410448
0.556526,0.143018,-0.0662829,0.285262,0.0718981
0.556526,0.143018,-0.827022,0.285262,0.0718981
0.556526,0.143018,-0.827022,0.285262,0.256992
0.556526,0.143018,-0.446322,0.285262,0.256992
0.556526,0.143018,-0.446322,0.285262,-0.0192763
0.305079,0.143018,-0.446322,0.285262,-0.0192763
0.305079,0.143018,-0.446322,0.247209,-0.0192763
0.305079,0.143018,-0.446322,0.247209,0.633619
0.305079,0.266788,-0.446322,0.247209,0.633619
0.305079,0.266788,-0.527126,0.247209,0.633619
0.305079,0.266788,-0.527126,0.247209,-0.0842284
0.305079,0.266788,-0.527126,0.247209,0.0252031
0.305079,0.266788,-0.527126,0.247209,0.155274
0.271042,0.266788,-0.527126,0.247209,0.155274
0.271042,0.266788,-0.527126,0.247209,0.536464
0.271042,0.266788,-0.527126,0.247209,0.536464
0.271042,0.266788,-0.567363,0.247209,0.536464
0.271042,0.266788,-0.567363,0.143814,0.536464
0.56633,0.266788,-0.567363,0.143814,0.536464
0.56633,0.266788,-0.567363,0.143814,0.0966264
0.56633,0.266788,-0.567363,0.143814,0.0966264
0.56633,0.266788,-0.567363,0.143814,0.231595
0.56633,0.0694367,-0.567363,0.143814,0.231595
0.56633,0.0694367,-0.509528,0.143814,0.231595
0.56633,0.0694367,-0.509528,0.143814,0.536591
0.56633,0.0694367,-0.509528,0.143814,-0.00642746
0.56633,0.329532,-0.509528,0.143814,-0.00642746
0.56633,0.329532,-0.509528,0.143814,0.568085
0.56633,0.393014,-0.509528,0.143814,0.568085
0.339927,0.393014,-0.509528,0.143814,0.568085
0.339927,0.4253,-0.509528,0.143814,0.568085
0.325403,0.4253,-0.509528,0.143814,0.568085
0.325403,0.4253,-0.509528,0.143814,0.568085
0.325403,0.4253,-0.509528,0.0995535,0.568085
0.325403,0.4253,-0.509528,0.0995535,-0.0627278
0.471461,0.4253,-0.509528,0.0995535,-0.0627278
0.289277,0.4253,-0.509528,0.0995535,-0.0627278
0.315982,0.4253,-0.509528,0.0995535,-0.0627278
0.315982,0.4253,-0.509528,0.0995535,-0.0627278
0.315982,0.0628801,-0.509528,0.0995535,-0.0627278
0.315982,0.0628801,-0.509528,0.0995535,0.0762455
0.315982,0.0628801,-0.509528,0.137006,0.0762455
0.315982,0.0628801,-0.509528,0.137006,0.0958884
0.315982,0.0628801,-0.509528,0.137006,0.0829244
0.29522,0.0628801,-0.509528,0.137006,0.0829244
0.29522,0.0628801,-0.509528,0.137006,0.0829244
0.29522,0.0628801,-0.509528,0.137006,0.244494
0.29522,0.0628801,-0.509528,0.137006,0.0801288
0.29522,0.0628801,-0.251113,0.137006,0.0801288
0.29522,0.197031,-0.251113,0.137006,0.0801288
0.29522,0.409225,-0.251113,0.137006,0.0801288
0.29522,0.409225,-0.251113,0.137006,0.0801288
0.29522,0.409225,-0.196139,0.137006,0.0801288
0.477807,0.409225,-0.196139,0.137006,0.0801288
0.477807,0.409225,-0.196139,0.137006,0.112003
0.363884,0.409225,-0.196139,0.137006,0.112003
0.363884,0.409225,-0.196139,0.137006,0.112003
0.363884,0.0606091,-0.196139,0.137006,0.112003
0.363884,0.0606091,-0.902982,0.137006,0.112003
0.363884,0.0606091,-0.902982,0.137006,0.457442
0.22859,0.0606091,-0.902982,0.137006,0.457442
0.22859,0.0606091,-0.902982,0.137006,0.202925
0.22859,0.00404081,-0.902982,0.137006,0.202925
0.22859,0.00404081,-0.776124,0.137006,0.202925
0.22859,0.00404081,-0.304258,0.137006,0.202925
0.22859,0.00404081,-0.304258,0.121975,0.202925
0.22859,0.00404081,-0.304258,0.0874475,0.202925
0.22859,0.00404081,-0.304258,0.0874475,0.202925
0.22859,0.00404081,-0.304258,0.0874475,0.202925
0.22859,0.00404081,-0.304258,0.0874475,0.202925
0.22859,0.00404081,-0.275513,0.0874475,0.202925
0.360066,0.00404081,-0.275513,0.0874475,0.202925
0.360066,0.00404081,-0.383982,0.0874475,0.202925
0.360066,0.247823,-0.383982,0.0874475,0.202925
0.360066,0.323521,-0.383982,0.0874475,0.202925
0.360066,0.249841,-0.383982,0.0874475,0.202925
0.360066,0.249841,-0.383982,0.0874475,0.202925
0.277872,0.249841,-0.383982,0.0874475,0.202925
0.277872,-0.18587,-0.383982,0.0874475,0.202925
0.277872,-0.18587,-0.383982,0.0874475,-0.0240909
0.277872,-0.18587,-0.383982,0.0874475,0.513752
0.277872,-0.18587,-0.396405,0.0874475,0.513752
0.277872,-0.18587,-0.396405,0.0874475,-0.0824716
0.473783,-0.18587,-0.396405,0.0874475,-0.0824716
0.342764,-0.18587,-0.396405,0.0874475,-0.0824716
0.342764,-0.18587,-0.48852,0.0874475,-0.0824716
0.342764,-0.18587,-0.48852,0.0874475,0.079489
0.342764,0.364881,-0.48852,0.0874475,0.079489
0.342764,0.364881,-0.266068,0.0874475,0.079489
0.274981,0.364881,-0.266068,0.0874475,0.079489
0.274981,0.573563,-0.266068,0.0874475,0.079489
0.274981,0.573563,-0.48883,0.0874475,0.079489
0.274981,-0.0804919,-0.48883,0.0874475,0.079489
0.274981,-0.0804919,-0.48883,0.116076,0.079489
0.444735,-0.0804919,-0.48883,0.116076,0.079489
0.444735,-0.0804919,-0.576291,0.116076,0.079489
0.444735,0.311413,-0.576291,0.116076,0.079489
0.444735,0.311413,-0.215352,0.116076,0.079489
0.444735,0.656958,-0.215352,0.116076,0.079489
0.444735,0.656958,-0.215352,0.0634583,0.079489
0.444735,0.174171,-0.215352,0.0634583,0.079489
0.444735,0.174171,-0.215352,0.0634583,-0.0761552
0.444735,0.653228,-0.215352,0.0634583,-0.0761552
0.444735,-0.0696092,-0.215352,0.0634583,-0.0761552
0.444735,-0.0696092,-0.215352,0.176356,-0.0761552
0.272987,-0.0696092,-0.215352,0.176356,-0.0761552
0.272987,-0.0696092,-0.530904,0.176356,-0.0761552
0.272987,-0.0696092,-0.530904,0.176356,-0.0761552
0.272987,-0.0696092,-0.593249,0.176356,-0.0761552
0.272987,-0.0696092,-0.593249,0.176356,0.488546
0.271331,-0.0696092,-0.593249,0.176356,0.488546
0.382362,-0.0696092,-0.593249,0.176356,0.488546
0.465174,-0.0696092,-0.593249,0.176356,0.488546
0.465174,-0.0696092,-0.596926,0.176356,0.488546
0.465174,-0.0696092,-0.596926,0.262254,0.488546
0.465174,-0.0696092,-0.204257,0.262254,0.488546
0.465174,0.319386,-0.204257,0.262254,0.488546
0.465174,0.319386,-0.204257,0.262254,0.488546
0.465174,0.319386,-0.204257,0.262254,0.488546
0.465174,0.319386,-0.204257,0.262254,0.498926
0.465174,0.319386,-0.812917,0.262254,0.498926
0.394806,0.319386,-0.812917,0.262254,0.498926
0.267786,0.319386,-0.812917,0.262254,0.498926
0.607669,0.319386,-0.812917,0.262254,0.498926
0.67407,0.319386,-0.812917,0.262254,0.498926
0.67407,0.319386,-0.527902,0.262254,0.498926
0.67407,0.319386,-0.527902,0.155058,0.498926
0.67407,0.319386,-0.527902,0.155058,0.0713266
0.67407,-0.1087,-0.527902,0.155058,0.0713266
0.67407,-0.144599,-0.527902,0.155058,0.0713266
0.67407,0.168769,-0.527902,0.155058,0.0713266
0.143873,0.168769,-0.527902,0.155058,0.0713266
0.143873,0.168769,-0.527902,0.105647,0.0713266
0.143873,0.168769,-0.527902,0.105647,0.0982072
0.143873,0.168769,-0.350894,0.105647,0.0982072
0.143873,0.284858,-0.350894,0.105647,0.0982072
0.467502,0.284858,-0.350894,0.105647,0.0982072
0.467502,0.284858,-0.350894,0.105647,0.44383
0.467502,0.362981,-0.350894,0.105647,0.44383
0.467502,0.362981,-0.350894,0.2014,0.44383
0.467502,0.362981,-0.560853,0.2014,0.44383
0.328207,0.362981,-0.560853,0.2014,0.44383
0.328207,0.0782414,-0.560853,0.2014,0.44383
0.328207,0.0782414,-0.651917,0.2014,0.44383
0.328207,0.0782414,-0.651917,0.187711,0.44383
0.328207,0.0782414,-0.651917,0.187711,0.44383
0.328207,0.0782414,-0.651917,0.187711,0.144003
0.389512,0.0782414,-0.651917,0.187711,0.144003
0.389512,0.0782414,-0.267884,0.187711,0.144003
0.389512,0.000781331,-0.267884,0.187711,0.144003
0.389512,0.000781331,-0.646976,0.187711,0.144003
0.389512,0.298655,-0.646976,0.187711,0.144003
0.389512,0.164111,-0.646976,0.187711,0.144003
0.205321,0.164111,-0.646976,0.187711,0.144003
0.3541,0.164111,-0.646976,0.187711,0.144003
0.3541,0.293225,-0.646976,0.187711,0.144003
0.3541,0.293225,-0.646976,0.187711,0.144003
0.3541,0.293225,-0.646976,0.187711,0.144003
0.3541,0.293225,-0.646976,0.187711,-0.163371
0.3541,0.293225,-0.646976,0.187711,0.0500108
0.3541,0.293225,-0.646976,0.228894,0.0500108
0.3541,0.459395,-0.646976,0.228894,0.0500108
0.3541,0.644223,-0.646976,0.228894,0.0500108
0.3541,0.137303,-0.646976,0.228894,0.0500108
0.3541,0.314093,-0.646976,0.228894,0.0500108
0.3541,0.314093,-0.646976,0.228894,0.455218
0.366303,0.314093,-0.646976,0.228894,0.455218
0.366303,0.336607,-0.646976,0.228894,0.455218
0.374415,0.336607,-0.646976,0.228894,0.455218
0.374415,0.336607,-0.646976,0.228894,0.455218
0.374415,0.336607,-0.646976,0.228894,0.238308
0.374415,0.0288117,-0.646976,0.228894,0.238308
0.374415,0.0288117,-0.33698,0.228894,0.238308
0.374415,0.0288117,-0.310734,0.228894,0.238308
0.374415,0.0288117,-0.578714,0.228894,0.238308
0.374415,0.154857,-0.578714,0.228894,0.238308
0.374415,0.00012608,-0.578714,0.228894,0.238308
0.468288,0.00012608,-0.578714,0.228894,0.238308
0.468288,0.00012608,-0.578714,0.228894,0.238308
0.468288,-0.0248093,-0.578714,0.228894,0.238308
0.468288,-0.0248093,-0.578714,0.169326,0.238308
0.468288,-0.0248093,-0.104993,0.169326,0.238308
0.468288,-0.0248093,-0.104993,0.263767,0.238308
0.468288,0.0431992,-0.104993,0.263767,0.238308
0.468288,0.0431992,-0.590859,0.263767,0.238308
0.468288,0.0431992,-0.405258,0.263767,0.238308
0.468288,0.0431992,-0.399713,0.263767,0.238308
0.50879,0.0431992,-0.399713,0.263767,0.238308
0.50879,0.0431992,-0.477925,0.263767,0.238308
0.50879,0.0431992,-0.477925,0.263767,0.0863386
0.50879,-0.42137,-0.477925,0.263767,0.0863386
0.50879,-0.42137,-0.0502984,0.263767,0.0863386
0.50879,-0.0995544,-0.0502984,0.263767,0.0863386
0.50879,-0.0995544,-0.0502984,0.263767,0.304581
0.50879,-0.0995544,-0.611804,0.263767,0.304581
0.50879,0.348136,-0.611804,0.263767,0.304581
0.50879,0.348136,-0.611804,0.0734688,0.304581
0.50879,0.348136,-0.611804,0.304267,0.304581
0.50879,0.319733,-0.611804,0.304267,0.304581
0.50879,0.319733,-0.370133,0.304267,0.304581
0.737511,0.319733,-0.370133,0.304267,0.304581
0.737511,0.319733,-0.370133,0.304267,0.304581
0.737511,0.319733,-0.370133,0.304267,0.382904
0.737511,0.319733,-0.355147,0.304267,0.382904
0.737511,0.319733,-0.362925,0.304267,0.382904
0.737511,0.319733,-0.362925,0.304267,0.382904
0.737511,0.319733,-0.362925,0.00251553,0.382904
0.154862,0.319733,-0.362925,0.00251553,0.382904
0.154862,0.319733,-0.362925,0.00251553,0.177171
0.154862,0.319733,-0.362925,0.0288516,0.177171
0.629729,0.319733,-0.362925,0.0288516,0.177171
0.629729,0.319733,-0.362925,0.0288516,-0.0831333
0.629729,0.319733,-0.225469,0.0288516,-0.0831333
0.629729,0.319733,-0.225469,0.0288516,-0.0831333
0.629729,0.506692,-0.225469,0.0288516,-0.0831333
0.629729,0.270568,-0.225469,0.0288516,-0.0831333
0.629729,0.270568,-0.225469,0.0288516,-0.0831333
0.629729,0.270568,-0.225469,0.0288516,0.407176
0.629729,0.270568,-0.225469,0.466598,0.407176
0.337816,0.270568,-0.225469,0.466598,0.407176
0.328716,0.270568,-0.225469,0.466598,0.407176
0.498432,0.270568,-0.225469,0.466598,0.407176
0.498432,0.270568,-0.225469,0.466598,0.387551
0.498432,0.270568,-0.225469,-0.0419214,0.387551
0.498432,0.270568,-0.281712,-0.0419214,0.387551
0.498432,0.270568,-0.281712,0.23418,0.387551
0.498432,0.30995,-0.281712,0.23418,0.387551
0.498432,0.30995,-0.570109,0.23418,0.387551
0.498432,0.30995,-0.570109,0.23418,0.585379
0.498432,0.30995,-0.570109,0.23418,0.51718
0.498432,0.30995,-0.570109,0.23418,-0.0587317
0.498432,-0.107269,-0.570109,0.23418,-0.0587317
0.498432,-0.107269,-0.570109,0.23418,0.0442531
0.498432,0.0404047,-0.570109,0.23418,0.0442531
0.498432,0.0404047,-0.24361,0.23418,0.0442531
0.498432,0.0404047,-0.24361,0.138423,0.0442531
0.498432,0.0404047,-0.24361,0.138423,0.293269
0.498432,-0.107739,-0.24361,0.138423,0.293269
0.588306,-0.107739,-0.24361,0.138423,0.293269
0.588306,-0.107739,-0.24361,0.0274598,0.293269
0.588306,0.431209,-0.24361,0.0274598,0.293269
0.588306,0.431209,-0.24361,0.0274598,0.15796
0.588306,0.431209,-0.24361,0.0274598,-0.00202966
0.302583,0.431209,-0.24361,0.0274598,-0.00202966
0.322782,0.431209,-0.24361,0.0274598,-0.00202966
0.322782,-0.114401,-0.24361,0.0274598,-0.00202966
0.322782,-0.114401,-0.24361,0.0274598,-0.00202966
0.322782,0.275245,-0.24361,0.0274598,-0.00202966
0.322782,0.275245,-0.24361,0.0274598,-0.00202966
0.322782,0.325051,-0.24361,0.0274598,-0.00202966
0.322782,0.325051,-0.24361,0.0274598,0.394964
0.322782,0.325051,-0.175692,0.0274598,0.394964
0.322782,0.0536927,-0.175692,0.0274598,0.394964
0.322782,0.0536927,-0.606262,0.0274598,0.394964
0.322782,0.0536927,-0.606262,0.139003,0.394964
0.522867,0.0536927,-0.606262,0.139003,0.394964
0.522867,0.445802,-0.606262,0.139003,0.394964
0.522867,0.141068,-0.606262,0.139003,0.394964
0.473076,0.141068,-0.606262,0.139003,0.394964
0.473076,0.141068,-0.475391,0.139003,0.394964
0.473076,0.141068,-0.695988,0.139003,0.394964
0.502497,0.141068,-0.695988,0.139003,0.394964
0.502497,0.141068,-0.594827,0.139003,0.394964
0.502497,0.141068,-0.594827,0.139003,0.107597
0.502497,0.141068,-0.594827,0.139003,0.107597
0.502497,0.141068,-0.549286,0.139003,0.107597
0.502497,0.11577,-0.549286,0.139003,0.107597
0.502497,0.11577,-0.506571,0.139003,0.107597
0.502497,0.352559,-0.506571,0.139003,0.107597
0.502497,-0.107441,-0.506571,0.139003,0.107597
0.264703,-0.107441,-0.506571,0.139003,0.107597
0.264703,-0.107441,-0.353851,0.139003,0.107597
0.264703,-0.107441,-0.0780048,0.139003,0.107597
0.264703,-0.107441,-0.0780048,0.139003,0.174277
0.264703,0.369209,-0.0780048,0.139003,0.174277
0.264703,0.369209,-0.0780048,0.139003,0.567657
0.266874,0.369209,-0.0780048,0.139003,0.567657
0.266874,0.369209,-0.257024,0.139003,0.567657
0.266874,0.369209,-0.257024,0.139003,0.473849
0.266874,0.377678,-0.257024,0.139003,0.473849
0.266874,0.377678,0.0107302,0.139003,0.473849
0.266874,0.377678,0.0107302,0.139003,0.661135
0.266874,0.377678,-0.88939,0.139003,0.661135
0.266874,0.377678,-0.88939,0.139003,0.335906
0.266874,0.377678,-0.264525,0.139003,0.335906
0.266874,0.377678,-0.264525,-0.0460877,0.335906
0.266874,0.377678,-0.264525,0.365019,0.335906
0.266874,0.377678,-0.264525,0.365019,0.195811
0.408957,0.377678,-0.264525,0.365019,0.195811
0.408957,0.377678,-0.264525,0.015757,0.195811
0.408957,0.541453,-0.264525,0.015757,0.195811
0.408957,0.541453,-0.264525,0.015757,0.195811
0.408957,0.541453,-0.264525,0.015757,0.423438
0.408957,0.541453,-0.264525,0.015757,0.290395
0.408957,0.541453,-0.264525,0.015757,-0.00656343
0.393491,0.541453,-0.264525,0.015757,-0.00656343
0.506396,0.541453,-0.264525,0.015757,-0.00656343
0.506396,0.337903,-0.264525,0.015757,-0.00656343
0.506396,0.337903,-0.267142,0.015757,-0.00656343
0.506396,0.337903,-0.935828,0.015757,-0.00656343
0.257214,0.337903,-0.935828,0.015757,-0.00656343
0.322032,0.337903,-0.935828,0.015757,-0.00656343
0.322032,0.302944,-0.935828,0.015757,-0.00656343
0.322032,0.302944,-0.935828,0.015757,0.216992
0.322032,0.302944,-0.935828,0.015757,0.279754
0.322032,0.302944,-0.935828,0.387416,0.279754
0.322032,0.302944,-0.935828,0.387416,0.279754
0.518718,0.302944,-0.935828,0.387416,0.279754
0.518718,0.240338,-0.935828,0.387416,0.279754
0.518718,0.0324813,-0.935828,0.387416,0.279754
0.518718,0.0324813,-0.935828,0.387416,0.279754
0.518718,0.0324813,-0.754504,0.387416,0.279754
0.459686,0.0324813,-0.754504,0.387416,0.279754
0.459686,0.0324813,-0.754504,0.302686,0.279754
0.459686,0.0324813,-0.754504,0.148387,0.279754
0.459686,0.0324813,-0.754504,0.148387,0.279754
0.459686,-0.256573,-0.754504,0.148387,0.279754
0.367676,-0.256573,-0.754504,0.148387,0.279754
0.367676,-0.256573,-0.754504,0.194176,0.279754
0.367676,-0.0228437,-0.754504,0.194176,0.279754
0.367676,-0.0228437,-0.754504,0.194176,0.248583
0.379754,-0.0228437,-0.754504,0.194176,0.248583
0.379754,-0.161424,-0.754504,0.194176,0.248583
0.379754,-0.161424,-0.754504,0.194176,0.248583
0.379754,-0.161424,-0.754504,0.212728,0.248583
0.379754,-0.161424,-0.754504,0.117624,0.248583
0.379754,-0.161424,-0.754504,0.117624,0.248583
0.379754,-0.161424,-0.754504,0.184866,0.248583
0.379754,-0.161424,-0.754504,0.184866,-0.0604468
0.379754,-0.161424,-0.673368,0.184866,-0.0604468
0.379754,-0.161424,-0.673368,0.184866,0.0155088
0.379754,-0.161424,-0.673368,0.184866,0.370408
0.379754,-0.0402346,-0.673368,0.184866,0.370408
0.379754,-0.00978,-0.673368,0.184866,0.370408
0.379754,-0.00978,-0.517818,0.184866,0.370408
0.379754,-0.0564158,-0.517818,0.184866,0.370408
0.379754,0.20669,-0.517818,0.184866,0.370408
0.379754,0.20669,-0.517818,0.184866,0.427289
0.379754,0.20669,-0.517818,0.184866,0.341235
0.379754,0.20669,-0.517818,0.184866,0.549536
0.379754,0.365479,-0.517818,0.184866,0.549536
0.379754,0.365479,-0.517818,0.331781,0.549536
0.379754,0.365479,-0.517818,0.479287,0.549536
0.379754,0.365479,-0.101087,0.479287,0.549536
0.379754,0.0257171,-0.101087,0.479287,0.549536
0.379754,0.0257171,-0.101087,0.180942,0.549536
0.549461,0.0257171,-0.101087,0.180942,0.549536
0.549461,0.269376,-0.101087,0.180942,0.549536
0.549461,0.269376,-0.101087,0.180942,0.549536
0.549461,0.269376,-0.101087,0.180942,0.162869
0.549461,0.140141,-0.101087,0.180942,0.162869
0.549461,-0.00671071,-0.101087,0.180942,0.162869
0.549461,-0.00671071,-0.101087,0.180942,0.188773
0.549461,-0.00671071,-0.443061,0.180942,0.188773
0.549461,0.0023057,-0.443061,0.180942,0.188773
0.549461,0.291934,-0.443061,0.180942,0.188773
0.549461,0.291934,-0.443061,0.180942,0.336499
0.549461,0.291934,-0.443061,0.180942,0.336499
0.586612,0.291934,-0.443061,0.180942,0.336499
0.586612,0.291934,-0.730512,0.180942,0.336499
0.586612,0.291934,-0.730512,0.180942,0.336499
0.586612,0.291934,-0.185476,0.180942,0.336499
0.586612,0.474298,-0.185476,0.180942,0.336499
0.383491,0.474298,-0.185476,0.180942,0.336499
0.383491,0.474298,-0.67866,0.180942,0.336499
0.383491,0.474298,-0.2414,0.180942,0.336499
0.383491,-0.0893254,-0.2414,0.180942,0.336499
0.383491,-0.0893254,-0.2414,0.180942,0.134817
0.383491,-0.285251,-0.2414,0.180942,0.134817
0.383491,-0.285251,-0.2414,0.180942,0.452528
0.383491,0.041808,-0.2414,0.180942,0.452528
0.383491,0.041808,-0.2414,0.303752,0.452528
0.383491,0.041808,-0.2414,0.303752,0.445055
0.383491,0.041808,-0.2414,0.303752,0.445055
0.383491,0.041808,-0.123605,0.303752,0.445055
0.383491,-0.0395091,-0.123605,0.303752,0.445055
0.383491,-0.0395091,-0.123605,0.35649,0.445055
0.548646,-0.0395091,-0.123605,0.35649,0.445055
0.548646,-0.0395091,-0.290699,0.35649,0.445055
0.50878,-0.0395091,-0.290699,0.35649,0.445055
0.50878,-0.0318828,-0.290699,0.35649,0.445055
0.50878,-0.0318828,-0.290699,0.123199,0.445055
0.50878,-0.0318828,-0.290699,0.123199,0.445055
0.50878,-0.0318828,-0.290699,0.123199,0.0542218
0.50878,-0.0318828,-0.290699,0.123199,0.0542218
0.50878,-0.0318828,-0.290699,0.123199,-0.0503951
0.50878,-0.0318828,-0.5138,0.123199,-0.0503951
0.50878,-0.0318828,-0.5138,0.123199,0.16283
0.50878,-0.0318828,-0.5138,0.123199,0.489637
0.424429,-0.0318828,-0.5138,0.123199,0.489637
0.424429,-0.0318828,-0.5138,0.123199,0.481194
0.424429,-0.0318828,-0.5138,0.123199,0.14836
0.424429,-0.0318828,-0.5138,0.251944,0.14836
0.424429,-0.0318828,-0.5138,0.0341265,0.14836
0.424429,-0.0318828,-0.737297,0.0341265,0.14836
0.424429,0.263397,-0.737297,0.0341265,0.14836
0.424429,0.263397,-0.68454,0.0341265,0.14836
0.424429,0.263397,-0.249645,0.0341265,0.14836
0.424429,0.0508432,-0.249645,0.0341265,0.14836
0.424429,0.0508432,-0.249645,0.0341265,0.14836
0.424429,0.0508432,-0.249645,0.0341265,0.14836
0.424429,0.0508432,-0.367545,0.0341265,0.14836
0.424429,0.0508432,-0.183346,0.0341265,0.14836
0.489826,0.0508432,-0.183346,0.0341265,0.14836
0.489826,0.0508432,-0.183346,0.0341265,0.265456
0.453085,0.0508432,-0.183346,0.0341265,0.265456
0.453085,0.0508432,-0.183346,0.0341265,0.303936
0.321476,0.0508432,-0.183346,0.0341265,0.303936
0.379032,0.0508432,-0.183346,0.0341265,0.303936
0.379032,0.42056,-0.183346,0.0341265,0.303936
0.379032,0.42056,-0.183346,0.0341265,0.240474
0.471781,0.42056,-0.183346,0.0341265,0.240474
0.471781,0.0247937,-0.183346,0.0341265,0.240474
0.471781,0.0247937,-0.183346,0.0341265,0.240474
0.453351,0.0247937,-0.183346,0.0341265,0.240474
0.453351,0.0247937,-0.183346,0.0819008,0.240474
0.453351,0.0247937,-0.183346,0.0819008,0.240474
0.453351,0.0247937,-0.68408,0.0819008,0.240474
0.453351,0.0247937,-0.697159,0.0819008,0.240474
0.548967,0.0247937,-0.697159,0.0819008,0.240474
0.548967,0.0247937,-0.626585,0.0819008,0.240474
0.548967,0.0944324,-0.626585,0.0819008,0.240474
0.548967,0.0944324,-0.626585,0.0819008,0.240474
0.548967,0.0944324,-0.533697,0.0819008,0.240474
0.548967,0.0944324,-0.533697,0.123185,0.240474
0.447744,0.0944324,-0.533697,0.123185,0.240474
0.447744,0.0944324,-0.533697,0.123185,0.204157
0.447744,0.148526,-0.533697,0.123185,0.204157
0.447744,0.148526,-0.435756,0.123185,0.204157
0.447744,0.148526,-0.435756,0.123185,0.204157
0.447744,0.148526,-0.435756,0.123185,0.204157
0.447744,0.148526,-0.435756,0.336781,0.204157
0.447744,0.148526,-0.435756,0.336781,0.380657
0.447744,0.298198,-0.435756,0.336781,0.380657
0.447744,0.0254577,-0.435756,0.336781,0.380657
0.447744,0.303008,-0.435756,0.336781,0.380657
0.447744,-0.277473,-0.435756,0.336781,0.380657
0.447744,-0.277473,-0.373216,0.336781,0.380657
0.447744,0.581227,-0.373216,0.336781,0.380657
0.447744,0.581227,-0.44062,0.336781,0.380657
0.447744,0.581227,-0.44062,0.336781,0.380657
0.447744,0.581227,-0.44062,0.228363,0.380657
0.265826,0.581227,-0.44062,0.228363,0.380657
0.265826,0.718346,-0.44062,0.228363,0.380657
0.265826,0.750116,-0.44062,0.228363,0.380657
0.265826,-0.443591,-0.44062,0.228363,0.380657
0.265826,-0.351824,-0.44062,0.228363,0.380657
0.351475,-0.351824,-0.44062,0.228363,0.380657
0.555146,-0.351824,-0.44062,0.228363,0.380657
0.555146,-0.187624,-0.44062,0.228363,0.380657
0.555146,0.291837,-0.44062,0.228363,0.380657
0.555146,0.291837,-0.44062,0.228363,0.0390604
0.219174,0.291837,-0.44062,0.228363,0.0390604
0.219174,0.487871,-0.44062,0.228363,0.0390604
0.219174,0.487871,-0.44062,0.228363,0.470032
0.219174,0.487871,-0.44062,-0.0268428,0.470032
0.219174,0.33117,-0.44062,-0.0268428,0.470032
0.219174,0.33117,-0.39323,-0.0268428,0.470032
0.219174,0.33117,-0.28246,-0.0268428,0.470032
0.219174,-0.0920719,-0.28246,-0.0268428,0.470032
0.219174,-0.0920719,-0.28246,-0.0268428,0.147125
0.219174,-0.0920719,-0.28246,-0.0268428,0.421051
0.219174,-0.0920719,-0.189242,-0.0268428,0.421051
0.219174,0.600167,-0.189242,-0.0268428,0.421051
0.219174,0.501292,-0.189242,-0.0268428,0.421051
0.219174,0.501292,-0.189242,0.196435,0.421051
0.219174,0.501292,-0.189242,0.196435,0.0501243
0.219174,0.0771605,-0.189242,0.196435,0.0501243
0.219174,0.0771605,-0.189242,0.247125,0.0501243
0.219174,0.0771605,-0.630048,0.247125,0.0501243
0.219174,0.0771605,-0.630048,0.247125,0.568354
0.219174,0.0771605,-0.630048,0.247125,0.568354
0.219174,0.0771605,-0.594839,0.247125,0.568354
0.331918,0.0771605,-0.594839,0.247125,0.568354
0.331918,0.0771605,-0.594839,0.247125,0.0368569
0.331918,0.430014,-0.594839,0.247125,0.0368569
0.331918,0.430014,-0.235762,0.247125,0.0368569
0.331918,0.430014,-0.235762,0.247125,0.0368569
0.331918,0.430014,-0.798415,0.247125,0.0368569
0.331918,0.430014,-0.798415,0.247125,0.0368569
0.331918,0.123625,-0.798415,0.247125,0.0368569
0.331918,0.155568,-0.798415,0.247125,0.0368569
0.331918,0.155568,-0.798415,0.138719,0.0368569
0.479809,0.155568,-0.798415,0.138719,0.0368569
0.479809,0.155568,-0.735324,0.138719,0.0368569
0.310988,0.155568,-0.735324,0.138719,0.0368569
0.310988,0.155568,-0.735324,0.138719,0.0368569
0.310988,0.432086,-0.735324,0.138719,0.0368569
0.310988,0.432086,-0.606118,0.138719,0.0368569
0.310988,0.0529224,-0.606118,0.138719,0.0368569
0.310988,-0.275518,-0.606118,0.138719,0.0368569
0.310988,-0.275518,-0.27394,0.138719,0.0368569
0.310988,-0.275518,-0.452044,0.138719,0.0368569
0.310988,-0.275518,-0.452044,0.138719,0.362415
0.310988,-0.103746,-0.452044,0.138719,0.362415
0.310988,-0.103746,-0.452044,0.308093,0.362415
0.310988,-0.103746,-0.601655,0.308093,0.362415
0.310988,-0.103746,-0.554225,0.308093,0.362415
0.310988,-0.103746,-0.554225,0.308093,0.412756
0.498436,-0.103746,-0.554225,0.308093,0.412756
0.498436,-0.103746,-0.554225,0.308093,0.318389
0.498436,-0.103746,-0.554225,0.308093,0.153331
0.498436,0.0308294,-0.554225,0.308093,0.153331
0.498436,0.0308294,-0.554225,0.308093,0.153331
0.426859,0.0308294,-0.554225,0.308093,0.153331
0.426859,0.0308294,-0.390641,0.308093,0.153331
0.426859,0.0308294,-0.390641,0.274444,0.153331
0.426859,0.0308294,-0.390641,0.274444,0.153331
0.426859,0.0308294,-0.390641,0.274444,0.153331
0.426859,0.0308294,-0.390641,0.274444,0.415973
0.426859,0.0308294,-0.390641,0.274444,0.415973
0.426859,0.0308294,-0.1194,0.274444,0.415973
0.426859,0.11772,-0.1194,0.274444,0.415973
0.426859,0.11772,-0.668287,0.274444,0.415973
0.426859,0.11772,-0.192576,0.274444,0.415973
0.426859,0.11772,-0.192576,0.274444,0.415973
0.426859,0.11772,-0.192576,0.274444,0.415973
0.426859,0.445792,-0.192576,0.274444,0.415973
0.426859,0.468094,-0.192576,0.274444,0.415973
0.426859,0.468094,-0.192576,0.274444,0.415973
0.426859,0.367055,-0.192576,0.274444,0.415973
0.426859,0.367055,-0.192576,0.274444,0.415973
0.426859,-0.141677,-0.192576,0.274444,0.415973
0.426859,0.0175014,-0.192576,0.274444,0.415973
0.426859,0.0175014,-0.192576,0.274444,-0.0393921
0.426859,0.322217,-0.192576,0.274444,-0.0393921
0.426859,0.322217,-0.332369,0.274444,-0.0393921
0.426859,0.322217,-0.332369,0.274444,0.228651
0.426859,-0.163913,-0.332369,0.274444,0.228651
0.426859,-0.163913,-0.332369,0.274444,0.228651
0.426859,-0.163913,-0.153763,0.274444,0.228651
0.44554,-0.163913,-0.153763,0.274444,0.228651
0.44554,-0.163913,-0.622979,0.274444,0.228651
0.44554,-0.163913,-0.622979,0.274444,0.110703
0.44554,0.214072,-0.622979,0.274444,0.110703
0.44554,0.214072,-0.645005,0.274444,0.110703
0.44554,0.214072,-0.645005,0.274444,0.681624
0.44554,0.214072,-0.645005,0.274444,0.157404
0.44554,0.214072,-0.645005,0.274444,0.363304
0.44554,0.224225,-0.645005,0.274444,0.363304
0.476335,0.224225,-0.645005,0.274444,0.363304
0.476335,0.224225,-0.270282,0.274444,0.363304
0.476335,0.224225,-0.270282,0.142682,0.363304
0.476335,0.224225,-0.270282,0.129641,0.363304
0.476335,0.224225,-0.259656,0.129641,0.363304
0.476335,0.224225,-0.259591,0.129641,0.363304
0.255558,0.224225,-0.259591,0.129641,0.363304
0.181618,0.224225,-0.259591,0.129641,0.363304
0.297943,0.224225,-0.259591,0.129641,0.363304
0.297943,0.224225,-0.259591,0.129641,0.363304
0.297943,0.224225,-0.259591,0.269758,0.363304
0.297943,0.224225,-0.259591,0.269758,0.262198
0.470893,0.224225,-0.259591,0.269758,0.262198
0.470893,0.410859,-0.259591,0.269758,0.262198
0.470893,0.410859,-0.259591,0.269758,0.598929
0.470893,0.410859,-0.259591,0.269758,0.456835
0.470893,0.410859,-0.259591,0.269758,0.674903
0.470893,0.274904,-0.259591,0.269758,0.674903
0.470893,0.274904,-0.324667,0.269758,0.674903
0.470893,0.274904,-0.324667,0.269758,0.674903
0.470893,0.274904,-0.324667,0.269758,-0.0107701
0.470893,0.274904,-0.324667,0.269758,-0.0107701
0.470893,0.30421,-0.324667,0.269758,-0.0107701
0.470893,0.355792,-0.324667,0.269758,-0.0107701
0.470893,0.45094,-0.324667,0.269758,-0.0107701
0.470893,0.45094,-0.513546,0.269758,-0.0107701
0.470893,0.0918265,-0.513546,0.269758,-0.0107701
0.470893,0.0918265,-0.513546,0.269758,-0.0685775
0.470893,0.0918265,-0.513546,0.269758,0.148693
0.361087,0.0918265,-0.513546,0.269758,0.148693
0.361087,0.0918265,-0.41208,0.269758,0.148693
0.361087,0.0918265,-0.41208,0.269758,0.63678
0.405417,0.0918265,-0.41208,0.269758,0.63678
0.405417,0.0918265,-0.41208,0.269758,0.342267
0.405417,0.0918265,-0.146022,0.269758,0.342267
0.633408,0.0918265,-0.146022,0.269758,0.342267
0.633408,0.0918265,-0.116376,0.269758,0.342267
0.633408,0.116001,-0.116376,0.269758,0.342267
0.633408,0.116001,-0.116376,0.269758,0.44794
0.633408,0.270578,-0.116376,0.269758,0.44794
0.633408,0.270578,-0.841526,0.269758,0.44794
0.633408,0.00834823,-0.841526,0.269758,0.44794
0.633408,0.00834823,-0.404531,0.269758,0.44794
0.633408,0.370168,-0.404531,0.269758,0.44794
0.633408,-0.0193491,-0.404531,0.269758,0.44794
0.471415,-0.0193491,-0.404531,0.269758,0.44794
0.471415,-0.0193491,-0.404531,0.269758,0.44794
0.471415,-0.0193491,-0.404531,0.269758,0.389911
0.471415,-0.0193491,-0.404531,0.269758,0.389911
0.471415,-0.0193491,-0.404531,0.269758,0.326469
0.471415,-0.0193491,-0.404531,0.269758,0.326469
0.478099,-0.0193491,-0.404531,0.269758,0.326469
0.478099,-0.0193491,-0.404531,0.269758,0.0988419
0.478099,-0.0193491,-0.560172,0.269758,0.0988419
0.478099,-0.0193491,-0.560172,0.269758,0.0988419
0.343892,-0.0193491,-0.560172,0.269758,0.0988419
0.343892,-0.0193491,-0.560172,0.269758,0.289571
0.343892,0.346331,-0.560172,0.269758,0.289571
0.343892,0.00605049,-0.560172,0.269758,0.289571
0.343892,0.00605049,-0.2118,0.269758,0.289571
0.343892,0.268133,-0.2118,0.269758,0.289571
0.343892,0.0969398,-0.2118,0.269758,0.289571
0.343892,0.0969398,-0.2118,0.269758,0.351536
0.343892,0.0969398,-0.2118,0.149073,0.351536
0.343892,0.0969398,-0.894575,0.149073,0.351536
0.343892,0.0969398,-0.894575,0.0630031,0.351536
0.343892,0.123235,-0.894575,0.0630031,0.351536
0.343892,0.0359119,-0.894575,0.0630031,0.351536
0.418627,0.0359119,-0.894575,0.0630031,0.351536
0.418627,0.0359119,-0.894575,0.376549,0.351536
0.418627,0.0359119,-0.894575,0.376549,0.324767
0.418627,0.0359119,-0.464133,0.376549,0.324767
0.418627,0.0359119,-0.464133,0.0629325,0.324767
0.342535,0.0359119,-0.464133,0.0629325,0.324767
0.342535,0.0359119,-0.464133,0.0629325,0.0695451
0.342535,-0.020534,-0.464133,0.0629325,0.0695451
0.342535,-0.020534,-0.464133,0.0629325,0.368309
0.342535,-0.020534,-0.535261,0.0629325,0.368309
0.342535,-0.020534,-0.535261,0.0629325,0.16422
0.342535,-0.020534,-0.535261,0.0629325,0.199101
0.342535,-0.020534,-0.535261,0.337498,0.199101
0.342535,0.561227,-0.535261,0.337498,0.199101
0.342535,0.044339,-0.535261,0.337498,0.199101
0.342535,0.044339,-0.535261,0.337498,0.199101
0.243042,0.044339,-0.535261,0.337498,0.199101
0.243042,0.402705,-0.535261,0.337498,0.199101
0.243042,0.402705,-0.535261,0.337498,0.199101
0.243042,0.453579,-0.535261,0.337498,0.199101
0.243042,0.453579,-0.419425,0.337498,0.199101
0.366609,0.453579,-0.419425,0.337498,0.199101
0.366609,0.453579,-0.789117,0.337498,0.199101
0.366609,0.453579,-0.789117,0.337498,0.199101
0.366609,0.453579,-0.254576,0.337498,0.199101
0.366609,-0.223824,-0.254576,0.337498,0.199101
0.366609,-0.223824,-0.254576,0.337498,0.199101
0.366609,-0.223824,-0.254576,0.337498,0.32781
0.366609,0.374041,-0.254576,0.337498,0.32781
0.366609,0.374041,-0.254576,0.279426,0.32781
0.366609,0.374041,-0.254576,0.279426,0.32781
0.366609,0.374041,-0.213464,0.279426,0.32781
0.366609,0.374041,-0.213464,0.279426,0.229786
0.366609,0.374041,-0.297804,0.279426,0.229786
0.366609,0.374041,-0.459401,0.279426,0.229786
0.416573,0.374041,-0.459401,0.279426,0.229786
0.416573,-0.1914,-0.459401,0.279426,0.229786
0.416573,0.253879,-0.459401,0.279426,0.229786
0.416573,0.253879,-0.459401,0.279426,0.282748
0.416573,-0.032336,-0.459401,0.279426,0.282748
0.416573,-0.032336,-0.459401,0.279426,0.0698821
0.416573,-0.032336,-0.459401,0.279426,0.0698821
0.416573,-0.032336,-0.459401,0.279426,0.0698821
0.416573,-0.032336,-0.459401,0.25548,0.0698821
0.416573,0.00637213,-0.459401,0.25548,0.0698821
0.416573,0.00637213,-0.465448,0.25548,0.0698821
0.416573,0.00637213,-0.465448,0.25548,0.207518
0.416573,0.00637213,-0.422347,0.25548,0.207518
0.416573,0.00637213,-0.431175,0.25548,0.207518
0.416573,0.00637213,-0.431175,0.259498,0.207518
0.416573,0.324874,-0.431175,0.259498,0.207518
0.416573,0.324874,-0.607967,0.259498,0.207518
0.416573,0.324874,-0.837463,0.259498,0.207518
0.416573,0.324874,-0.837463,0.259498,0.0803055
0.416573,0.320416,-0.837463,0.259498,0.0803055
0.416573,0.320416,-0.784313,0.259498,0.0803055
0.416573,0.320416,-0.784313,0.259498,0.0803055
0.416573,0.320416,-0.366693,0.259498,0.0803055
0.289086,0.320416,-0.366693,0.259498,0.0803055
0.289086,0.321099,-0.366693,0.259498,0.0803055
0.289086,0.321099,-0.366693,0.259498,0.0803055
0.289086,0.321099,-0.366693,0.274527,0.0803055
0.289086,0.321099,-0.366693,0.274527,0.0803055
0.289086,0.175929,-0.366693,0.274527,0.0803055
0.289086,0.175929,-0.366693,0.274527,0.0803055
0.289086,0.175929,-0.366693,0.274527,0.0803055
0.289086,0.175929,-0.247973,0.274527,0.0803055
0.289086,0.175929,-0.539712,0.274527,0.0803055
0.289086,0.175929,-0.539712,0.274527,0.391881
0.289086,0.175929,-0.492948,0.274527,0.391881
0.289086,0.130663,-0.492948,0.274527,0.391881
0.289086,0.130663,-0.492948,0.179729,0.391881
0.289086,0.130663,-0.492948,0.302897,0.391881
0.289086,0.130663,-0.225155,0.302897,0.391881
0.406723,0.130663,-0.225155,0.302897,0.391881
0.416625,0.130663,-0.225155,0.302897,0.391881
0.416625,0.405267,-0.225155,0.302897,0.391881
0.416625,0.405267,-0.225155,0.362117,0.391881
0.416625,0.405267,-0.225155,0.362117,0.391881
0.416625,0.239112,-0.225155,0.362117,0.391881
0.416625,0.239112,-0.225155,0.0997534,0.391881
0.416625,0.239112,-0.225155,0.419658,0.391881
0.416625,-0.0662984,-0.225155,0.419658,0.391881
0.416625,0.353892,-0.225155,0.419658,0.391881
0.416625,0.353892,-0.225155,0.419658,0.391881
0.248279,0.353892,-0.225155,0.419658,0.391881
0.248279,0.353892,-0.225155,0.419658,0.379014
0.462327,0.353892,-0.225155,0.419658,0.379014
0.462327,0.32712,-0.225155,0.419658,0.379014
0.462327,0.290539,-0.225155,0.419658,0.379014
0.462327,0.290539,-0.225155,0.419658,0.446966
0.462327,0.290539,-0.225155,0.320317,0.446966
0.462327,0.290539,-0.306766,0.320317,0.446966
0.462327,0.290539,-0.306766,0.320317,0.446966
0.462327,0.290539,-0.586605,0.320317,0.446966
0.462327,0.290539,-0.247935,0.320317,0.446966
0.462327,0.290539,-0.247935,0.388304,0.446966
0.462327,0.290539,-0.247935,0.388304,0.446966
0.462327,0.290539,-0.247935,0.279335,0.446966
0.462327,0.290539,-0.247935,0.279335,0.130089
0.390273,0.290539,-0.247935,0.279335,0.130089
0.390273,0.290539,-0.247935,0.18636,0.130089
0.390273,0.290539,-0.247935,0.18636,0.130089
0.390273,0.428096,-0.247935,0.18636,0.130089
0.390273,0.428096,-0.247935,0.198745,0.130089
0.390273,0.363592,-0.247935,0.198745,0.130089
0.390273,0.363592,-0.247935,0.198745,0.516102
0.390273,0.363592,-0.247935,0.198745,0.47681
0.390273,0.363592,-0.247935,0.198745,0.399206
0.329655,0.363592,-0.247935,0.198745,0.399206
0.329655,0.151835,-0.247935,0.198745,0.399206
0.329655,0.151835,-0.247935,0.198745,0.148649
0.329655,0.151835,-0.247935,0.190455,0.148649
0.329655,0.151835,-0.051302,0.190455,0.148649
0.329655,0.151835,-0.051302,0.0740264,0.148649
0.711447,0.151835,-0.051302,0.0740264,0.148649
0.711447,0.151835,-0.230591,0.0740264,0.148649
0.711447,0.186317,-0.230591,0.0740264,0.148649
0.711447,0.186317,-0.230591,0.0740264,0.472357
0.102064,0.186317,-0.230591,0.0740264,0.472357
0.102064,0.186317,-0.230591,0.0740264,0.472357
0.102064,0.186317,-0.230591,0.0740264,0.248838
0.102064,-0.0964529,-0.230591,0.0740264,0.248838
0.102064,-0.0964529,-0.754575,0.0740264,0.248838
0.102064,-0.0964529,-0.803545,0.0740264,0.248838
0.102064,0.0261287,-0.803545,0.0740264,0.248838
0.14028,0.0261287,-0.803545,0.0740264,0.248838
0.453363,0.0261287,-0.803545,0.0740264,0.248838
0.453363,0.36312,-0.803545,0.0740264,0.248838
0.453363,0.36312,-0.812912,0.0740264,0.248838
0.453363,0.36312,-0.340906,0.0740264,0.248838
0.453363,0.204106,-0.340906,0.0740264,0.248838
0.453363,0.204106,-0.340906,0.0740264,0.254236
0.453363,0.155126,-0.340906,0.0740264,0.254236
0.453363,0.155126,-0.340906,0.0740264,0.254236
0.453363,0.0568089,-0.340906,0.0740264,0.254236
0.453363,0.0568089,-0.397378,0.0740264,0.254236
0.453363,0.0568089,-0.617672,0.0740264,0.254236
0.453363,0.0568089,-0.617672,0.0740264,0.254236
0.453363,0.0568089,-0.617672,0.0740264,0.0243403
0.453363,0.309486,-0.617672,0.0740264,0.0243403
0.292892,0.309486,-0.617672,0.0740264,0.0243403
0.292892,0.0316628,-0.617672,0.0740264,0.0243403
0.292892,0.0316628,-0.617672,0.0740264,0.523704
0.292892,0.0316628,-0.617672,0.0740264,-0.072969
0.292892,0.0316628,-0.33355,0.0740264,-0.072969
0.292892,0.0316628,-0.33355,0.188798,-0.072969
0.292892,0.0316628,-0.332714,0.188798,-0.072969
0.292892,0.0755589,-0.332714,0.188798,-0.072969
0.292892,0.0755589,-0.332714,0.188798,-0.072969
0.292892,0.0755589,-0.332714,0.188798,-0.072969
0.292892,0.601688,-0.332714,0.188798,-0.072969
0.292892,0.601688,-0.332714,0.188798,0.287679
0.320602,0.601688,-0.332714,0.188798,0.287679
0.320602,0.601688,-0.446721,0.188798,0.287679
0.320602,0.601688,-0.483537,0.188798,0.287679
0.320602,0.207025,-0.483537,0.188798,0.287679
0.298011,0.207025,-0.483537,0.188798,0.287679
0.298011,0.207025,-0.717203,0.188798,0.287679
0.291537,0.207025,-0.717203,0.188798,0.287679
0.332448,0.207025,-0.717203,0.188798,0.287679
0.332448,0.207025,-0.717203,0.188798,0.287679
0.332448,0.337659,-0.717203,0.188798,0.287679
0.373254,0.337659,-0.717203,0.188798,0.287679
0.373254,0.337659,-0.477228,0.188798,0.287679
0.373254,0.337659,-0.398119,0.188798,0.287679
0.373254,0.337659,-0.398119,0.37767,0.287679
0.507833,0.337659,-0.398119,0.37767,0.287679
0.507833,-0.209203,-0.398119,0.37767,0.287679
0.507833,-0.209203,-0.473472,0.37767,0.287679
0.349635,-0.209203,-0.473472,0.37767,0.287679
0.349635,-0.209203,-0.473472,0.37767,0.287679
0.349635,-0.209203,-0.473472,0.37767,0.287679
0.349635,0.32859,-0.473472,0.37767,0.287679
0.349635,0.368656,-0.473472,0.37767,0.287679
0.349635,0.368656,-0.473472,0.196675,0.287679
0.349635,0.368656,-0.298223,0.196675,0.287679
0.349635,0.17191,-0.298223,0.196675,0.287679
0.349635,0.17191,-0.298223,0.196675,0.54432
0.349635,0.17191,-0.347096,0.196675,0.54432
0.349635,0.17191,-0.347096,0.196675,0.54432
0.349635,0.17191,-0.347096,0.196675,0.308294
0.349635,0.17191,-0.347096,0.196675,0.444988
0.349635,0.17191,-0.347096,0.200195,0.444988
0.349635,0.17191,-0.347096,0.200195,0.444988
0.349635,0.17191,-0.347096,0.200195,0.444988
0.349635,0.17191,-0.347096,0.200195,0.331645
0.349635,0.17191,-0.384025,0.200195,0.331645
0.349635,0.17191,-0.384025,0.200195,0.116765
0.349635,0.17191,-0.592387,0.200195,0.116765
0.349635,0.17191,-0.592387,0.200195,0.116765
0.619764,0.17191,-0.592387,0.200195,0.116765
0.619764,0.17191,-0.592387,0.0905944,0.116765
0.619764,0.17191,-0.592387,0.134627,0.116765
0.619764,0.17191,-0.592387,0.134627,0.195495
0.619764,0.0826075,-0.592387,0.134627,0.195495
0.619764,-0.00573785,-0.592387,0.134627,0.195495
0.619764,-0.00573785,-0.592387,0.134627,0.455481
0.619764,-0.00573785,-0.592387,0.319346,0.455481
0.619764,-0.00573785,-0.449224,0.319346,0.455481
0.619764,-0.00573785,-0.449224,0.319346,0.455481
0.619764,0.108157,-0.449224,0.319346,0.455481
0.619764,0.0820871,-0.449224,0.319346,0.455481
0.619764,0.145462,-0.449224,0.319346,0.455481
0.619764,0.145462,-0.449224,0.314238,0.455481
0.342997,0.145462,-0.449224,0.314238,0.455481
0.342997,0.145462,-0.231428,0.314238,0.455481
0.342997,0.145462,-0.231428,0.314238,0.452749
0.342997,0.145462,-0.231428,0.314238,0.452749
0.342997,0.145462,-0.231428,0.314238,0.452749
0.550146,0.145462,-0.231428,0.314238,0.452749
0.550146,0.145462,-0.231428,0.314238,0.452749
0.550146,0.145462,-0.231428,0.314238,0.284593
0.550146,0.372017,-0.231428,0.314238,0.284593
0.550146,0.372017,-0.231428,0.314238,0.288613
0.550146,0.280345,-0.231428,0.314238,0.288613
0.550146,0.280345,-0.231428,0.314238,0.268989
0.550146,0.280345,-0.231428,0.314238,0.268989
0.550146,0.280345,-0.684115,0.314238,0.268989
0.550146,0.280345,-0.611595,0.314238,0.268989
0.550146,-0.105596,-0.611595,0.314238,0.268989
0.550146,-0.105596,-0.552913,0.314238,0.268989
0.550146,-0.105596,-0.552913,0.314238,0.268989
0.550146,0.0956534,-0.552913,0.314238,0.268989
0.550146,0.0956534,-0.552913,0.314238,0.576892
0.550146,0.0956534,-0.416622,0.314238,0.576892
0.550146,0.0956534,-0.390698,0.314238,0.576892
0.550146,0.0751985,-0.390698,0.314238,0.576892
0.550146,0.0751985,-0.390698,0.314238,0.576892
0.550146,0.150797,-0.390698,0.314238,0.576892
0.550146,0.150797,-0.228492,0.314238,0.576892
0.550146,-0.0408589,-0.228492,0.314238,0.576892
0.550146,0.0378022,-0.228492,0.314238,0.576892
0.550146,0.104721,-0.228492,0.314238,0.576892
0.550146,0.104721,-0.594557,0.314238,0.576892
0.437825,0.104721,-0.594557,0.314238,0.576892
0.437825,0.171369,-0.594557,0.314238,0.576892
0.437825,0.171369,-0.594557,0.314238,0.576892
0.437825,0.27395,-0.594557,0.314238,0.576892
0.43055,0.27395,-0.594557,0.314238,0.576892
0.43055,0.27395,-0.594557,0.314238,0.193646
0.567253,0.27395,-0.594557,0.314238,0.193646
0.567253,0.376356,-0.594557,0.314238,0.193646
0.567253,0.0357516,-0.594557,0.314238,0.193646
0.567253,0.355585,-0.594557,0.314238,0.193646
0.567253,0.355585,-0.427939,0.314238,0.193646
0.567253,0.357775,-0.427939,0.314238,0.193646
0.567253,0.0362664,-0.427939,0.314238,0.193646
0.567253,0.0362664,-0.427939,0.314238,0.193646
0.22126,0.0362664,-0.427939,0.314238,0.193646
0.22126,0.0362664,-0.427939,0.314238,0.167368
0.22126,0.0362664,-0.427939,0.314238,0.120415
0.22126,0.0362664,-0.427939,0.314238,0.120415
0.22126,0.0362664,-0.427939,0.135149,0.120415
0.628322,0.0362664,-0.427939,0.135149,0.120415
0.628322,0.0362664,-0.427939,0.135149,0.120415
0.628322,0.336173,-0.427939,0.135149,0.120415
0.628322,0.336173,-0.427939,0.135149,0.120415
0.628322,0.336173,-0.427939,0.135149,0.678265
0.628322,0.336173,-0.54766,0.135149,0.678265
0.628322,0.336173,-0.54766,0.135149,-0.15304
0.628322,0.336173,-0.54766,0.135149,-0.0156728
0.628322,0.336173,-0.54766,0.135149,0.0104575
0.628322,0.336173,-0.54766,0.135149,0.147232
0.628322,0.336173,-0.613794,0.135149,0.147232
0.494678,0.336173,-0.613794,0.135149,0.147232
0.494678,0.336173,-0.613794,0.135149,0.658815
0.494678,0.336173,-0.525778,0.135149,0.658815
0.494678,0.336173,-0.424147,0.135149,0.658815
0.494678,0.336173,-0.424147,0.373045,0.658815
0.494678,0.336173,-0.424147,0.373045,0.412517
0.494678,0.364876,-0.424147,0.373045,0.412517
0.494678,0.364876,-0.424147,0.373045,0.28455
0.494678,0.364876,-0.424147,0.373045,0.696738
0.494678,0.0241882,-0.424147,0.373045,0.696738
0.494678,0.0241882,-0.424147,0.284274,0.696738
0.494678,0.0241882,-0.424147,0.284274,0.0141758
0.494678,0.0241882,-0.424147,0.284274,0.0978217
0.494678,0.586547,-0.424147,0.284274,0.0978217
0.494678,0.586547,-0.424147,0.284274,0.167724
0.494678,0.586547,-0.116104,0.284274,0.167724
0.494678,0.586547,-0.491295,0.284274,0.167724
0.494678,-0.0874291,-0.491295,0.284274,0.167724
0.494678,-0.0874291,-0.491295,0.284274,0.309743
0.494678,-0.0874291,-0.491295,0.174683,0.309743
0.494678,0.370043,-0.491295,0.174683,0.309743
0.494678,0.370043,-0.491295,0.200591,0.309743
0.494678,0.214677,-0.491295,0.200591,0.309743
0.494678,0.214677,-0.491295,0.200591,0.309743
0.494678,0.214677,-0.491295,0.0962362,0.309743
0.494678,0.214677,-0.491295,0.0962362,0.448429
0.494678,0.140398,-0.491295,0.0962362,0.448429
0.494678,0.286583,-0.491295,0.0962362,0.448429
0.29736,0.286583,-0.491295,0.0962362,0.448429
0.29736,0.201385,-0.491295,0.0962362,0.448429
0.29736,0.201385,-0.491295,0.0962362,0.448429
0.412973,0.201385,-0.491295,0.0962362,0.448429
0.412973,0.201385,-0.491295,0.0962362,0.448429
0.412973,0.201385,-0.365838,0.0962362,0.448429
0.412973,0.201385,-0.449198,0.0962362,0.448429
0.327525,0.201385,-0.449198,0.0962362,0.448429
0.637358,0.201385,-0.449198,0.0962362,0.448429
0.637358,0.201385,-0.449198,0.363755,0.448429
0.637358,0.201385,-0.298518,0.363755,0.448429
0.637358,0.201385,-0.264629,0.363755,0.448429
0.637358,0.201385,-0.264629,0.363755,0.291753
0.343433,0.201385,-0.264629,0.363755,0.291753
0.392,0.201385,-0.264629,0.363755,0.291753
0.392,0.517936,-0.264629,0.363755,0.291753
0.392,0.517936,-0.256325,0.363755,0.291753
0.454276,0.517936,-0.256325,0.363755,0.291753
0.454276,0.517936,-0.256325,0.363755,0.20766
0.454276,0.517936,-0.1598,0.363755,0.20766
0.454276,0.517936,-0.1598,0.180525,0.20766
0.454276,0.517936,-0.492126,0.180525,0.20766
0.454276,0.517936,-0.90907,0.180525,0.20766
0.454276,0.517936,-0.90907,0.180525,0.399922
0.454276,0.593279,-0.90907,0.180525,0.399922
0.454276,0.593279,-0.90907,0.147806,0.399922
0.454276,0.346898,-0.90907,0.147806,0.399922
0.454276,0.346898,-0.90907,0.147806,0.399922
0.454276,0.346898,-0.90907,0.098137,0.399922
0.277303,0.346898,-0.90907,0.098137,0.399922
0.277303,0.346898,-0.90907,0.0624656,0.399922
0.277303,0.111358,-0.90907,0.0624656,0.399922
0.392791,0.111358,-0.90907,0.0624656,0.399922
0.392791,0.111358,-0.90907,0.0624656,0.218818
0.38653,0.111358,-0.90907,0.0624656,0.218818
0.38653,0.111358,-0.90907,0.335847,0.218818
0.38653,0.111358,-0.431887,0.335847,0.218818
0.38653,0.229241,-0.431887,0.335847,0.218818
0.38653,0.229241,-0.431887,0.335847,0.218818
0.38653,0.229241,-0.431887,0.211242,0.218818
0.38653,0.334968,-0.431887,0.211242,0.218818
0.38653,0.334968,-0.431887,0.211242,0.0738323
0.38653,0.334968,-0.28161,0.211242,0.0738323
0.38653,0.635838,-0.28161,0.211242,0.0738323
0.38653,0.635838,-0.28161,0.211242,0.1155
0.38653,0.635838,-0.28161,0.211242,0.1155
0.38653,0.635838,-0.108778,0.211242,0.1155
0.327196,0.635838,-0.108778,0.211242,0.1155
0.327196,0.635838,-0.450145,0.211242,0.1155
0.327196,0.563212,-0.450145,0.211242,0.1155
0.327196,0.563212,-0.450145,0.211242,0.1155
0.327196,0.563212,-0.450145,0.211242,0.1155
0.327196,0.563212,-0.450145,0.211242,0.1155
0.327196,-0.277607,-0.450145,0.211242,0.1155
0.327196,-0.277607,-0.321203,0.211242,0.1155
0.327196,0.0999761,-0.321203,0.211242,0.1155
0.327196,0.0999761,-0.567908,0.211242,0.1155
0.517528,0.0999761,-0.567908,0.211242,0.1155
0.654668,0.0999761,-0.567908,0.211242,0.1155
0.654668,0.0999761,-0.567908,0.211242,0.1155
0.529427,0.0999761,-0.567908,0.211242,0.1155
0.529427,0.0999761,-0.65592,0.211242,0.1155
0.529427,0.372597,-0.65592,0.211242,0.1155
0.529427,0.372597,-0.65592,0.211242,0.701946
0.386582,0.372597,-0.65592,0.211242,0.701946
0.386582,0.372597,-0.65592,0.211242,0.701946
0.386582,0.372597,-0.65592,0.211242,0.701946
0.386582,0.372597,-0.65592,0.211242,0.073701
0.386582,0.372597,-0.65592,0.211242,0.470895
0.386582,0.372597,-0.65592,0.211242,0.141497
0.386582,-0.355645,-0.65592,0.211242,0.141497
0.386582,0.716686,-0.65592,0.211242,0.141497
0.386582,0.801947,-0.65592,0.211242,0.141497
0.386582,0.244207,-0.65592,0.211242,0.141497
0.386582,0.244207,-0.65592,0.211242,0.101967
0.246181,0.244207,-0.65592,0.211242,0.101967
0.246181,0.244207,-0.65592,0.211242,0.191364
0.246181,0.244207,-0.65592,0.211242,0.0951617
0.246181,0.122296,-0.65592,0.211242,0.0951617
0.246181,0.122296,-0.374678,0.211242,0.0951617
0.246181,0.122296,-0.374678,0.306877,0.0951617
0.246181,0.122296,-0.30922,0.306877,0.0951617
0.244345,0.122296,-0.30922,0.306877,0.0951617
0.244345,0.00236078,-0.30922,0.306877,0.0951617
0.244345,0.00236078,-0.30922,0.129303,0.0951617
0.244345,0.00236078,-0.30922,0.262457,0.0951617
0.244345,0.294605,-0.30922,0.262457,0.0951617
0.244345,0.294605,-0.427084,0.262457,0.0951617
0.244345,0.294605,-0.293866,0.262457,0.0951617
0.244345,0.294605,-0.274231,0.262457,0.0951617
0.244345,0.377846,-0.274231,0.262457,0.0951617
0.244345,0.377846,-0.274231,0.262457,0.557806
0.244345,0.377846,-0.274231,0.262457,0.438409
0.244345,0.377846,-0.274231,0.262457,0.438409
0.244345,0.377846,-0.274231,0.262457,0.387528
0.244345,0.377846,-0.274231,0.140903,0.387528
0.244345,0.377846,-0.274231,0.140903,0.108649
0.244345,0.377846,-0.274231,0.140903,0.108649
0.244345,0.377846,-0.426589,0.140903,0.108649
0.244345,0.435886,-0.426589,0.140903,0.108649
0.244345,0.435886,-0.426589,0.140903,0.291079
0.244345,0.435886,-0.426589,0.140903,0.171249
0.244345,0.435886,-0.32591,0.140903,0.171249
0.244345,0.435886,-0.32591,0.140903,0.171249
0.244345,0.0311432,-0.32591,0.140903,0.171249
0.244345,0.0311432,-0.311281,0.140903,0.171249
0.244345,0.0311432,-0.311281,0.013711,0.171249
0.244345,0.0311432,-0.311281,0.352754,0.171249
0.244345,0.0311432,-0.311281,0.352754,0.171249
0.244345,0.0311432,-0.311281,0.352754,0.352637
0.244345,0.0311432,-0.311281,0.352754,0.209788
0.244345,0.0311432,-0.311281,0.352754,0.443709
0.62029,0.0311432,-0.311281,0.352754,0.443709
0.62029,0.0311432,-0.311281,0.352754,0.443709
0.62029,0.0311432,-0.311281,0.181348,0.443709
0.62029,0.0311432,-0.311281,-0.00499169,0.443709
0.62029,0.0311432,-0.638892,-0.00499169,0.443709
0.62029,0.0311432,-0.638892,-0.00499169,0.443709
0.62029,0.0311432,-0.638892,0.0566114,0.443709
0.62029,0.0311432,-0.522868,0.0566114,0.443709
0.62029,0.0311432,-0.522868,0.0566114,-0.199106
0.495767,0.0311432,-0.522868,0.0566114,-0.199106
0.487127,0.0311432,-0.522868,0.0566114,-0.199106
0.487127,0.0311432,-0.26063,0.0566114,-0.199106
0.487127,0.0311432,-0.26063,0.0566114,-0.387356
0.487127,0.0311432,-0.554139,0.0566114,-0.387356
0.487127,0.273693,-0.554139,0.0566114,-0.387356
0.499732,0.273693,-0.554139,0.0566114,-0.387356
0.499732,0.273693,-0.554139,0.0566114,0.140275
0.499732,0.308306,-0.554139,0.0566114,0.140275
0.499732,0.078479,-0.554139,0.0566114,0.140275
0.499732,0.078479,-0.566769,0.0566114,0.140275
0.499732,0.078479,-0.674537,0.0566114,0.140275
0.499732,0.078479,-0.674537,0.0566114,0.474676
0.499732,0.078479,-0.674537,0.111318,0.474676
0.499732,0.078479,-0.674537,0.111318,0.670514
0.499732,0.078479,-0.662884,0.111318,0.670514
0.499732,0.078479,-0.662884,0.111318,-0.327474
0.499732,0.078479,-0.662884,0.111318,0.749945
0.499732,0.078479,-0.662884,0.111318,0.199032
0.499732,0.078479,-0.662884,0.111318,0.062806
0.499732,0.0161737,-0.662884,0.111318,0.062806
0.499732,0.0161737,-0.662884,0.111318,0.062806
0.499732,0.0161737,-0.125324,0.111318,0.062806
0.499732,0.0161737,-0.125324,0.111318,0.062806
0.499732,0.0161737,-0.125324,0.111318,0.062806
0.499732,0.0161737,-0.681576,0.111318,0.062806
0.314306,0.0161737,-0.681576,0.111318,0.062806
0.314306,0.00199256,-0.681576,0.111318,0.062806
0.314306,0.00199256,-0.681576,0.30328,0.062806
0.314306,0.00199256,-0.208861,0.30328,0.062806
0.314306,0.207513,-0.208861,0.30328,0.062806
0.314306,0.207513,-0.208861,0.393786,0.062806
0.314306,0.161498,-0.208861,0.393786,0.062806
0.314306,0.161498,-0.208861,0.393786,0.062806
0.314306,0.161498,-0.440076,0.393786,0.062806
0.314306,0.161498,-0.440076,0.393786,0.299762
0.314306,0.161498,-0.440076,0.393786,0.299762
0.314306,0.161498,-0.440076,0.149087,0.299762
0.314306,0.161498,-0.700268,0.149087,0.299762
0.314306,0.161498,-0.245076,0.149087,0.299762
0.314306,0.161498,-0.245076,0.149087,0.299762
0.314306,0.161498,-0.207581,0.149087,0.299762
0.314306,0.161498,-0.207581,0.149087,0.371368
0.314306,0.161498,-0.167023,0.149087,0.371368
0.314306,0.161498,-0.167023,0.149087,0.522046
0.314306,0.161498,-0.416285,0.149087,0.522046
0.314306,0.0047113,-0.416285,0.149087,0.522046
0.225504,0.0047113,-0.416285,0.149087,0.522046
0.550755,0.0047113,-0.416285,0.149087,0.522046
0.550755,0.0047113,-0.497521,0.149087,0.522046
0.550755,0.0188973,-0.497521,0.149087,0.522046
0.453438,0.0188973,-0.497521,0.149087,0.522046
0.453438,-0.104091,-0.497521,0.149087,0.522046
0.453438,-0.104091,-0.476464,0.149087,0.522046
0.453438,-0.104091,-0.331903,0.149087,0.522046
0.453438,0.266995,-0.331903,0.149087,0.522046
0.453438,0.266995,-0.331903,0.149087,0.0516191
0.453438,0.266995,-0.580014,0.149087,0.0516191
0.453438,0.266995,-0.580014,0.149087,0.450618
0.453438,0.266995,-0.377381,0.149087,0.450618
0.453438,0.266995,-0.377381,0.0860226,0.450618
0.453438,0.64645,-0.377381,0.0860226,0.450618
0.453438,0.64645,-0.15843,0.0860226,0.450618
0.453438,0.64645,-0.15843,0.0860226,0.575712
0.453438,0.64645,-0.678148,0.0860226,0.575712
0.453438,0.44956,-0.678148,0.0860226,0.575712
0.453438,0.493983,-0.678148,0.0860226,0.575712
0.453438,0.493983,-0.678148,0.0860226,0.558962
0.454679,0.493983,-0.678148,0.0860226,0.558962
0.410299,0.493983,-0.678148,0.0860226,0.558962
0.410299,0.493983,-0.678148,0.0860226,0.558962
0.410299,0.64603,-0.678148,0.0860226,0.558962
0.410299,0.64603,-0.55095,0.0860226,0.558962
0.410299,0.64603,-0.55095,0.0860226,0.552969
0.410299,0.64603,-0.55095,0.0860226,0.552969
0.410299,-0.169284,-0.55095,0.0860226,0.552969
0.548844,-0.169284,-0.55095,0.0860226,0.552969
0.548844,-0.169284,-0.55095,0.0860226,0.366992
0.548844,-0.169284,-0.55095,0.0860226,0.366992
0.548844,0.669232,-0.55095,0.0860226,0.366992
0.548844,0.0591819,-0.55095,0.0860226,0.366992
0.244411,0.0591819,-0.55095,0.0860226,0.366992
0.281951,0.0591819,-0.55095,0.0860226,0.366992
0.281951,0.0591819,-0.611727,0.0860226,0.366992
0.419657,0.0591819,-0.611727,0.0860226,0.366992
0.419657,0.0591819,-0.611727,0.209916,0.366992
0.419657,0.0591819,-0.384485,0.209916,0.366992
0.419657,0.0591819,-0.384485,0.209916,0.0416891
0.419657,0.132214,-0.384485,0.209916,0.0416891
0.419657,0.132214,-0.384485,0.209916,-0.0267722
0.337634,0.132214,-0.384485,0.209916,-0.0267722
0.337634,0.132214,-0.384485,0.209916,-0.0267722
0.337634,0.132214,-0.384485,0.153666,-0.0267722
0.337634,0.132214,-0.612772,0.153666,-0.0267722
0.337634,0.132214,-0.612772,0.24448,-0.0267722
0.49263,0.132214,-0.612772,0.24448,-0.0267722
0.49263,0.132214,-0.371506,0.24448,-0.0267722
0.245337,0.132214,-0.371506,0.24448,-0.0267722
0.245337,-0.0761632,-0.371506,0.24448,-0.0267722
0.245337,-0.0761632,-0.371506,0.24448,-0.327476
0.245337,-0.0761632,-0.737427,0.24448,-0.327476
0.245337,-0.0761632,-0.737427,0.24448,-0.327476
0.245337,-0.0761632,-0.737427,0.24448,0.30796
0.245337,0.439267,-0.737427,0.24448,0.30796
0.245337,0.439267,-0.370144,0.24448,0.30796
0.245337,0.439267,-0.370144,0.24448,0.30796
0.245337,0.439267,-0.370144,0.09867,0.30796
0.245337,0.439267,-0.370144,0.09867,0.30796
0.245337,0.439267,-0.366203,0.09867,0.30796
0.245337,0.439267,-0.458244,0.09867,0.30796
0.245337,0.149627,-0.458244,0.09867,0.30796
0.245337,0.149627,-0.458244,0.09867,0.157346
0.245337,0.149627,-0.334716,0.09867,0.157346
0.403583,0.149627,-0.334716,0.09867,0.157346
0.403583,0.149627,-0.334716,0.09867,0.157346
0.403583,0.0842335,-0.334716,0.09867,0.157346
0.403583,0.0842335,-0.334716,0.09867,0.32753
0.465131,0.0842335,-0.334716,0.09867,0.32753
0.465131,0.0842335,-0.334716,0.09867,0.174369
0.465131,0.0842335,-0.334716,0.09867,0.154487
0.465131,0.0842335,-0.574449,0.09867,0.154487
0.465131,0.0842335,-0.39608,0.09867,0.154487
0.465131,0.0842335,-0.39608,0.09867,0.154487
0.455009,0.0842335,-0.39608,0.09867,0.154487
0.455009,0.0842335,-0.39608,0.09867,0.0858729
0.455009,0.133133,-0.39608,0.09867,0.0858729
0.455009,0.133133,-0.407555,0.09867,0.0858729
0.55633,0.133133,-0.407555,0.09867,0.0858729
0.55633,0.133133,-0.250727,0.09867,0.0858729
0.55633,0.133133,-0.250727,0.09867,0.0967354
0.55633,0.133133,-0.250727,0.0752267,0.0967354
0.55633,0.133133,-0.250727,0.0752267,0.0967354
0.55633,0.234027,-0.250727,0.0752267,0.0967354
0.55633,0.234027,-0.250727,0.0752267,0.265562
0.55633,0.234027,-0.250727,0.0752267,0.265562
0.55633,0.234027,-0.250727,0.0552851,0.265562
0.55633,0.234027,-0.250727,0.0552851,0.34924
0.32098,0.234027,-0.250727,0.0552851,0.34924
0.32098,0.234027,-0.250727,0.330269,0.34924
0.32098,0.387183,-0.250727,0.330269,0.34924
0.32098,0.387183,-0.250727,0.21435,0.34924
0.32098,0.387183,-0.250727,0.233453,0.34924
0.32098,0.419833,-0.250727,0.233453,0.34924
0.32098,0.419833,-0.250727,0.112181,0.34924
0.517313,0.419833,-0.250727,0.112181,0.34924
0.517313,0.419833,-0.250727,0.0994253,0.34924
0.517313,0.419833,-0.250727,0.0994253,0.00586716
0.517313,0.419833,-0.726908,0.0994253,0.00586716
0.517313,0.48248,-0.726908,0.0994253,0.00586716
0.517313,0.48248,-0.726908,0.0994253,-0.0731747
0.517313,0.48248,-0.726908,0.0994253,0.44242
0.517313,0.48248,-0.568407,0.0994253,0.44242
0.517313,0.48248,-0.568407,0.0994253,0.224445
0.507656,0.48248,-0.568407,0.0994253,0.224445
0.507656,0.40405,-0.568407,0.0994253,0.224445
0.507656,0.40405,-0.614319,0.0994253,0.224445
0.507656,0.40405,-0.614319,0.0994253,0.224445
0.507656,0.447509,-0.614319,0.0994253,0.224445
0.507656,0.447509,-0.614319,0.229262,0.224445
0.507656,0.260961,-0.614319,0.229262,0.224445
0.507656,0.260961,-0.614319,0.229262,0.42134
0.337586,0.260961,-0.614319,0.229262,0.42134
0.510584,0.260961,-0.614319,0.229262,0.42134
0.437571,0.260961,-0.614319,0.229262,0.42134
0.437571,0.260961,0.119384,0.229262,0.42134
0.437571,0.260961,-0.206438,0.229262,0.42134
0.437571,0.260961,-0.206438,0.363377,0.42134
0.437571,0.223162,-0.206438,0.363377,0.42134
0.437571,-0.188068,-0.206438,0.363377,0.42134
0.437571,-0.188068,-0.206438,0.283845,0.42134
0.437571,-0.188068,-0.206438,0.321575,0.42134
0.437571,-0.188068,-0.616564,0.321575,0.42134
0.437571,-0.0621337,-0.616564,0.321575,0.42134
0.437571,-0.0621337,-0.373687,0.321575,0.42134
0.437571,-0.0621337,-0.373687,0.321575,0.42134
0.437571,-0.0621337,-0.373687,0.321575,0.195984
0.437571,-0.0621337,-0.373687,0.321575,0.195984
0.424734,-0.0621337,-0.373687,0.321575,0.195984
0.424734,-0.0621337,-0.373687,0.437127,0.195984
0.424734,-0.0621337,-0.262779,0.437127,0.195984
0.424734,-0.0621337,-0.360843,0.437127,0.195984
0.369537,-0.0621337,-0.360843,0.437127,0.195984
0.369537,-0.0621337,-0.184883,0.437127,0.195984
0.369537,-0.0621337,-0.184883,0.418556,0.195984
0.363872,-0.0621337,-0.184883,0.418556,0.195984
0.363872,-0.0621337,-0.000290769,0.418556,0.195984
0.363872,-0.102688,-0.000290769,0.418556,0.195984
0.363872,-0.102688,-0.28128,0.418556,0.195984
0.363872,-0.102688,-0.28128,0.418556,0.195984
0.363872,-0.102688,-0.16279,0.418556,0.195984
0.363872,-0.102688,-0.16279,0.224021,0.195984
0.363872,-0.102688,-0.647715,0.224021,0.195984
0.363872,-0.311626,-0.647715,0.224021,0.195984
0.363872,-0.311626,-0.647715,0.283034,0.195984
0.363872,0.632806,-0.647715,0.283034,0.195984
0.363872,0.632806,-0.647715,0.0646454,0.195984
0.363872,0.632806,-0.447621,0.0646454,0.195984
0.363872,0.632806,-0.562618,0.0646454,0.195984
0.363872,0.632806,-0.562618,0.0646454,0.272485
0.363872,0.0369605,-0.562618,0.0646454,0.272485
0.363872,0.0369605,-0.6298,0.0646454,0.272485
0.363872,0.0369605,-0.64491,0.0646454,0.272485
0.363872,0.0369605,-0.64491,0.0646454,0.272485
0.363872,0.0369605,-0.64491,0.0951489,0.272485
0.363872,0.0369605,-0.64491,0.0951489,0.272485
0.345698,0.0369605,-0.64491,0.0951489,0.272485
0.414857,0.0369605,-0.64491,0.0951489,0.272485
0.414857,0.0369605,-0.64491,0.0951489,0.272485
0.414857,0.0369605,-0.64491,0.0951489,-0.00355061
0.414857,0.495068,-0.64491,0.0951489,-0.00355061
0.414857,0.495068,-0.64491,0.0951489,0.0963767
0.414857,0.351253,-0.64491,0.0951489,0.0963767
0.414857,0.351253,-0.64491,0.0951489,0.3836
0.414857,0.351253,-0.64491,0.0951489,0.3836
0.414857,0.351253,-0.403993,0.0951489,0.3836
0.414857,0.351253,-0.403993,0.0951489,-0.115462
0.414857,-0.0264796,-0.403993,0.0951489,-0.115462
0.414857,-0.0264796,-0.403993,0.171941,-0.115462
0.414857,-0.0264796,-0.403993,0.171941,0.0166738
0.414857,-0.0264796,-0.403993,0.171941,0.558551
0.414857,-0.0264796,-0.403993,0.171941,0.157335
0.414857,-0.0264796,-0.403993,0.341297,0.157335
0.304636,-0.0264796,-0.403993,0.341297,0.157335
0.304636,-0.0264796,-0.403993,0.255929,0.157335
0.304636,0.348648,-0.403993,0.255929,0.157335
0.429817,0.348648,-0.403993,0.255929,0.157335
0.429817,-0.115147,-0.403993,0.255929,0.157335
0.429817,-0.115147,-0.63907,0.255929,0.157335
0.429817,-0.115147,-0.15285,0.255929,0.157335
0.429817,-0.115147,-0.15285,0.255929,0.157335
0.429817,-0.212376,-0.15285,0.255929,0.157335
0.429817,-0.060012,-0.15285,0.255929,0.157335
0.429817,-0.0247749,-0.15285,0.255929,0.157335
0.429817,-0.0268967,-0.15285,0.255929,0.157335
0.429817,-0.0268967,-0.15285,0.255929,0.611709
0.429817,0.391797,-0.15285,0.255929,0.611709
0.429817,0.391797,-0.822151,0.255929,0.611709
0.496517,0.391797,-0.822151,0.255929,0.611709
0.496517,0.391797,-0.822151,0.255929,0.179971
0.496517,0.391797,-0.822151,0.255929,0.179971
0.496517,0.391797,-0.822151,0.255929,0.45284
0.496517,0.391797,-0.675428,0.255929,0.45284
0.496517,0.391797,-0.675428,0.255929,0.5475
0.484367,0.391797,-0.675428,0.255929,0.5475
0.484367,0.391797,-0.146678,0.255929,0.5475
0.484367,0.391797,-0.146678,0.255929,0.5475
0.484367,0.391797,-0.360157,0.255929,0.5475
0.484367,0.391797,-0.281346,0.255929,0.5475
0.484367,0.391797,-0.281346,0.255929,0.5475
0.484367,0.391797,-0.281346,0.253701,0.5475
0.484367,0.391797,-0.281346,0.253701,0.162056
0.484367,0.391797,-0.281346,0.253701,0.135268
0.484367,0.391797,-0.786039,0.253701,0.135268
0.484367,0.562801,-0.786039,0.253701,0.135268
0.484367,0.562801,-0.736009,0.253701,0.135268
0.484367,0.0252458,-0.736009,0.253701,0.135268
0.484367,0.0252458,-0.736009,0.253701,0.310908
0.649296,0.0252458,-0.736009,0.253701,0.310908
0.649296,0.0252458,-0.736009,0.253701,0.355586
0.649296,0.0252458,-0.611577,0.253701,0.355586
0.649296,0.0252458,-0.680761,0.253701,0.355586
0.649296,0.0252458,-0.61141,0.253701,0.355586
0.649296,0.0252458,-0.61141,0.253701,0.355586
0.453208,0.0252458,-0.61141,0.253701,0.355586
0.453208,0.0252458,-0.61141,0.253701,0.355586
0.457542,0.0252458,-0.61141,0.253701,0.355586
0.457542,0.0252458,-0.340139,0.253701,0.355586
0.457542,0.0252458,-0.340139,0.253701,0.601615
0.478313,0.0252458,-0.340139,0.253701,0.601615
0.478313,0.0252458,-0.284086,0.253701,0.601615
0.478313,0.0252458,-0.74935,0.253701,0.601615
0.478313,0.0252458,-0.74935,0.253701,0.326741
0.478313,0.0252458,-0.919378,0.253701,0.326741
0.478313,0.0252458,-0.500776,0.253701,0.326741
0.478313,0.0252458,-0.500776,0.32455,0.326741
0.478313,0.0252458,-0.500776,0.32455,0.326741
0.478313,0.0252458,-0.500776,0.0744799,0.326741
0.478313,0.36079,-0.500776,0.0744799,0.326741
0.478313,0.36079,-0.500776,0.0744799,0.479116
0.478313,0.0404516,-0.500776,0.0744799,0.479116
0.478313,0.330432,-0.500776,0.0744799,0.479116
0.478313,0.330432,-0.500776,0.0744799,0.00708683
0.478313,0.330432,-0.500776,0.0744799,0.227853
0.478313,0.330432,-0.500776,0.0607939,0.227853
0.478313,0.330432,-0.587708,0.0607939,0.227853
0.478313,0.330432,-0.587708,0.0607939,0.180278
0.478313,0.330432,-0.587708,0.0607939,0.188977
0.478313,0.330432,-0.587708,0.0607939,0.087805
0.478313,0.330432,-0.371748,0.0607939,0.087805
0.478313,0.330432,-0.371748,0.0607939,0.087805
0.478313,0.330432,-0.513092,0.0607939,0.087805
0.478313,0.330432,-0.513092,0.0607939,0.087805
0.478313,0.330432,-0.513092,0.0607939,0.401313
0.478313,0.330432,-0.513092,0.0607939,0.401313
0.478313,0.330432,-0.349518,0.0607939,0.401313
0.478313,0.330432,-0.349518,0.0607939,0.401313
0.430855,0.330432,-0.349518,0.0607939,0.401313
0.531814,0.330432,-0.349518,0.0607939,0.401313
0.531814,0.330432,-0.503787,0.0607939,0.401313
0.356223,0.330432,-0.503787,0.0607939,0.401313
0.356223,0.330432,-0.503787,0.303883,0.401313
0.356223,0.330432,-0.503787,0.159256,0.401313
0.420762,0.330432,-0.503787,0.159256,0.401313
0.420762,0.330432,-0.503787,0.159256,0.401313
0.420762,0.330432,-0.46359,0.159256,0.401313
0.420762,0.330432,-0.46359,0.159256,0.429824
0.420762,0.330432,-0.46359,0.158236,0.429824
0.420762,0.330432,-0.46359,0.158236,0.0937292
0.420762,0.330432,-0.46359,0.158236,0.0937292
0.420762,0.330432,-0.416632,0.158236,0.0937292
0.420762,0.330432,-0.416632,0.158236,0.0937292
0.420762,0.330432,-0.416632,0.158236,0.175559
0.420762,0.330432,-0.416632,0.158236,0.254355
0.420762,0.330432,-0.416632,0.181801,0.254355
0.420762,0.330432,-0.416632,0.181801,0.254355
0.420762,0.0166271,-0.416632,0.181801,0.254355
0.420762,0.0166271,-0.416632,0.181801,0.254355
0.420762,0.216128,-0.416632,0.181801,0.254355
0.420762,0.216128,-0.676856,0.181801,0.254355
0.420762,0.264255,-0.676856,0.181801,0.254355
0.420762,0.264255,-0.676856,0.181801,0.0021547
0.420762,0.264255,-0.676856,0.181801,0.611522
0.420762,0.264255,-0.676856,0.181801,0.0615481
0.420762,0.264255,-0.676856,0.181801,0.0615481
0.420762,0.264255,-0.624644,0.181801,0.0615481
0.420762,0.264255,-0.624644,0.0700036,0.0615481
0.420762,0.264255,-0.624644,0.0700036,0.0295286
0.374295,0.264255,-0.624644,0.0700036,0.0295286
0.374295,0.264255,-0.624644,0.0700036,0.44921
0.374295,0.264255,-0.47003,0.0700036,0.44921
0.374295,0.264255,-0.47003,0.0700036,0.0295983
0.374295,0.264255,-0.727657,0.0700036,0.0295983
0.374295,0.264255,-0.727657,0.0700036,0.539295
0.374295,0.264255,-0.727657,0.0700036,0.49793
0.374295,0.264255,-0.727657,0.0700036,0.49793
0.374295,0.264255,-0.727657,0.14768,0.49793
0.374295,0.264255,-0.676549,0.14768,0.49793
0.374295,0.135015,-0.676549,0.14768,0.49793
0.374295,0.135015,-0.193701,0.14768,0.49793
0.374295,0.135015,-0.193701,0.14768,0.00229087
0.374295,0.135015,-0.353583,0.14768,0.00229087
0.374295,0.135015,-0.353583,0.14768,0.00229087
0.412668,0.135015,-0.353583,0.14768,0.00229087
0.412668,0.135015,-0.353583,0.14768,0.632707
0.412668,0.245224,-0.353583,0.14768,0.632707
0.412668,0.243016,-0.353583,0.14768,0.632707
0.412668,0.243016,-0.309746,0.14768,0.632707
0.412668,0.243016,-0.566791,0.14768,0.632707
0.412668,0.243016,-0.566791,0.14768,0.632707
0.350509,0.243016,-0.566791,0.14768,0.632707
0.350509,0.243016,-0.566791,0.14768,0.632707
0.350509,0.243016,-0.566791,0.14768,0.310247
0.350509,0.0407919,-0.566791,0.14768,0.310247
0.350509,-0.388657,-0.566791,0.14768,0.310247
0.350509,-0.388657,-0.566791,0.14768,0.145975
0.350509,-0.388657,-0.566791,0.14768,0.193817
0.350509,0.737303,-0.566791,0.14768,0.193817
0.350509,0.353839,-0.566791,0.14768,0.193817
0.350509,0.353839,-0.333348,0.14768,0.193817
0.350509,0.353839,-0.509353,0.14768,0.193817
0.350509,0.353839,-0.609332,0.14768,0.193817
0.350509,0.384735,-0.609332,0.14768,0.193817
0.350509,0.495478,-0.609332,0.14768,0.193817
0.350509,0.495478,-0.609332,0.282357,0.193817
0.493185,0.495478,-0.609332,0.282357,0.193817
0.493185,0.101366,-0.609332,0.282357,0.193817
0.493185,0.101366,-0.261011,0.282357,0.193817
0.493185,0.101366,-0.261011,0.282357,0.372757
0.493185,0.101366,-0.261011,0.282357,0.148394
0.493185,0.101366,-0.261011,0.399507,0.148394
0.493185,0.101366,-0.575685,0.399507,0.148394
0.385147,0.101366,-0.575685,0.399507,0.148394
0.385147,0.101366,-0.575685,0.0683684,0.148394
0.385147,0.101366,-0.575685,0.328142,0.148394
0.385147,-0.0350412,-0.575685,0.328142,0.148394
0.385147,-0.0350412,-0.575685,0.32925,0.148394
0.385147,-0.0350412,-0.575685,0.32925,0.554834
0.385147,-0.0350412,-0.575685,0.32925,-0.0301202
0.385147,-0.0350412,-0.575685,0.132144,-0.0301202
0.385147,0.515483,-0.575685,0.132144,-0.0301202
0.385147,0.515483,-0.575685,0.132144,-0.0301202
0.385147,-0.0781344,-0.575685,0.132144,-0.0301202
0.385147,-0.0781344,-0.575685,0.132144,-0.0301202
0.385147,-0.0781344,-0.831468,0.132144,-0.0301202
0.385147,-0.0781344,-0.297388,0.132144,-0.0301202
0.385147,-0.0781344,-0.297388,0.132144,-0.0301202
0.385147,-0.0781344,-0.506403,0.132144,-0.0301202
0.385147,-0.0781344,-0.506403,0.132144,0.0427885
0.385147,-0.0781344,-0.506403,0.132144,0.259193
0.487374,-0.0781344,-0.506403,0.132144,0.259193
0.334144,-0.0781344,-0.506403,0.132144,0.259193
0.334144,-0.0781344,-0.506403,0.132144,-0.00103361
0.334144,-0.0781344,-0.506403,0.132144,-0.103125
0.334144,0.464464,-0.506403,0.132144,-0.103125
0.334144,0.464464,-0.506403,0.132144,-0.103125
0.334144,0.184828,-0.506403,0.132144,-0.103125
0.334144,0.184828,-0.506403,0.132144,0.417391
0.334144,0.48176,-0.506403,0.132144,0.417391
0.334144,0.48176,-0.506403,0.379525,0.417391
0.334144,0.632851,-0.506403,0.379525,0.417391
0.360144,0.632851,-0.506403,0.379525,0.417391
0.360144,0.259084,-0.506403,0.379525,0.417391
0.360144,0.259084,-0.506403,0.379525,0.00632429
0.360144,0.259084,-0.506403,-0.0162114,0.00632429
0.360144,0.259084,-0.506403,-0.0162114,0.00632429
0.360144,0.259084,-0.506403,-0.0162114,0.618185
0.360144,0.259084,-0.506403,-0.0162114,0.618185
0.360144,0.259084,-0.506403,0.38469,0.618185
0.360144,0.259084,-0.506403,0.38469,0.469848
0.360144,0.11891,-0.506403,0.38469,0.469848
0.360144,0.11891,-0.506403,0.38469,0.444552
0.360144,0.11891,-0.179237,0.38469,0.444552
0.360144,0.11891,-0.179237,0.210689,0.444552
0.360144,0.11891,-0.179237,0.210689,0.444552
0.360144,0.11891,-0.179237,0.210689,-0.0604088
0.515345,0.11891,-0.179237,0.210689,-0.0604088
0.515345,-0.0858493,-0.179237,0.210689,-0.0604088
0.515345,-0.0858493,-0.179237,0.210689,0.131971
0.515345,-0.0858493,-0.423575,0.210689,0.131971
0.378481,-0.0858493,-0.423575,0.210689,0.131971
0.378481,-0.0858493,-0.423575,0.210689,0.357625
0.442611,-0.0858493,-0.423575,0.210689,0.357625
0.442611,-0.0858493,-0.423575,0.210689,0.209167
0.442611,0.0858154,-0.423575,0.210689,0.209167
0.442611,0.0858154,-0.451881,0.210689,0.209167
0.442611,0.275534,-0.451881,0.210689,0.209167
0.442611,0.425588,-0.451881,0.210689,0.209167
0.42976,0.425588,-0.451881,0.210689,0.209167
0.42976,0.336225,-0.451881,0.210689,0.209167
0.42976,0.313446,-0.451881,0.210689,0.209167
0.42976,0.313446,-0.451881,0.210689,0.209167
0.42976,0.313446,-0.434316,0.210689,0.209167
0.42976,0.313446,-0.434316,0.210689,0.209167
0.42976,0.313446,-0.434316,0.210689,0.36189
0.42976,0.313446,-0.835344,0.210689,0.36189
0.42976,0.313446,-0.835344,0.210689,0.36189
0.42976,0.233323,-0.835344,0.210689,0.36189
0.42976,0.233323,-0.835344,0.210689,0.46552
0.42976,-0.020752,-0.835344,0.210689,0.46552
0.42976,-0.107002,-0.835344,0.210689,0.46552
0.42976,-0.107002,-0.127837,0.210689,0.46552
0.42976,-0.107002,-0.141307,0.210689,0.46552
0.42976,0.269379,-0.141307,0.210689,0.46552
0.368097,0.269379,-0.141307,0.210689,0.46552
0.368097,0.269379,-0.212278,0.210689,0.46552
0.368097,0.403178,-0.212278,0.210689,0.46552
0.368097,0.415592,-0.212278,0.210689,0.46552
0.368097,0.415592,-0.31526,0.210689,0.46552
0.368097,0.379705,-0.31526,0.210689,0.46552
0.368097,0.379705,-0.545378,0.210689,0.46552
0.368097,0.379705,-0.68049,0.210689,0.46552
0.368097,0.379705,-0.68049,0.210689,0.246859
0.398829,0.379705,-0.68049,0.210689,0.246859
0.398829,0.379705,-0.68049,0.210689,0.330768
0.398829,0.379705,-0.642444,0.210689,0.330768
0.398829,0.379705,-0.636471,0.210689,0.330768
0.398829,0.379705,-0.636471,0.210689,0.801781
0.398829,0.379705,-0.636471,0.210689,0.270386
0.398829,0.379705,-0.636471,0.210689,0.270386
0.398829,0.379705,-0.636471,0.0895196,0.270386
0.371714,0.379705,-0.636471,0.0895196,0.270386
0.371714,0.379705,-0.199114,0.0895196,0.270386
0.371714,0.379705,-0.199114,0.0895196,0.245948
0.371714,0.0468188,-0.199114,0.0895196,0.245948
0.371714,0.0591647,-0.199114,0.0895196,0.245948
0.371714,0.317098,-0.199114,0.0895196,0.245948
0.371714,0.317098,-0.199114,0.0895196,0.245948
0.371714,0.571494,-0.199114,0.0895196,0.245948
0.371714,0.571494,-0.199114,0.0895196,0.245273
0.371714,0.571494,-0.199114,0.0895196,-0.0679944
0.459185,0.571494,-0.199114,0.0895196,-0.0679944
0.459185,0.571494,-0.199114,0.0895196,0.32013
0.459185,0.571494,-0.525522,0.0895196,0.32013
0.459185,0.571494,-0.525522,0.0895196,0.588571
0.386407,0.571494,-0.525522,0.0895196,0.588571
0.386407,0.571494,-0.525522,0.0962986,0.588571
0.386407,0.0534473,-0.525522,0.0962986,0.588571
0.386407,0.0534473,-0.525522,0.0962986,0.588571
0.386407,0.0534473,-0.525522,0.0962986,0.381057
0.386407,0.0534473,-0.525522,0.0962986,0.381057
0.377495,0.0534473,-0.525522,0.0962986,0.381057
0.334393,0.0534473,-0.525522,0.0962986,0.381057
0.334393,0.0534473,-0.525522,0.0962986,0.566648
0.334393,0.0534473,-0.525522,0.0962986,0.566648
0.334393,0.0534473,-0.525522,0.0962986,0.566648
0.334393,0.0534473,-0.525522,0.0962986,0.412774
0.334393,-0.0595461,-0.525522,0.0962986,0.412774
0.334393,-0.0595461,-0.525522,0.0962986,0.358887
0.334393,0.27767,-0.525522,0.0962986,0.358887
0.297376,0.27767,-0.525522,0.0962986,0.358887
0.297376,0.481059,-0.525522,0.0962986,0.358887
0.297376,0.481059,-0.627344,0.0962986,0.358887
0.444456,0.481059,-0.627344,0.0962986,0.358887
0.444456,0.481059,-0.627344,0.358311,0.358887
0.444456,0.072366,-0.627344,0.358311,0.358887
0.444456,0.072366,-0.511549,0.358311,0.358887
0.571511,0.072366,-0.511549,0.358311,0.358887
0.571511,0.072366,-0.639293,0.358311,0.358887
0.571511,0.072366,-0.559608,0.358311,0.358887
0.571511,0.072366,-0.559608,0.358311,0.358887
0.571511,0.072366,-0.559608,0.358311,0.358887
0.571511,0.072366,-0.559608,0.276724,0.358887
0.571511,0.072366,-0.559608,0.276724,0.151285
0.571511,0.072366,-0.258861,0.276724,0.151285
0.571511,0.286116,-0.258861,0.276724,0.151285
0.365332,0.286116,-0.258861,0.276724,0.151285
0.365332,0.286116,-0.537611,0.276724,0.151285
0.365332,0.286116,-0.537611,0.276724,0.151285
0.365332,0.286116,-0.581561,0.276724,0.151285
0.365332,0.286116,-0.581561,-0.0476493,0.151285
0.365332,0.286116,-0.581561,-0.0476493,0.151285
0.365332,0.286116,-0.670871,-0.0476493,0.151285
0.365332,0.286116,-0.670871,-0.0476493,0.370677
0.35625,0.286116,-0.670871,-0.0476493,0.370677
0.35625,0.286116,-0.670871,-0.0476493,0.497738
0.35625,0.286116,-0.670871,-0.0476493,0.328711
0.35625,0.286116,-0.45976,-0.0476493,0.328711
0.35625,0.286116,-0.45976,-0.0476493,0.328711
0.35625,0.286116,-0.296377,-0.0476493,0.328711
0.35625,0.286116,-0.296377,-0.0476493,0.378552
0.35625,0.286116,-0.296377,0.187318,0.378552
0.35625,0.286116,-0.445054,0.187318,0.378552
0.35625,0.286116,-0.445054,0.187318,0.227103
0.35625,0.326013,-0.445054,0.187318,0.227103
0.35625,0.326013,-0.251543,0.187318,0.227103
0.35625,0.326013,-0.376603,0.187318,0.227103
0.26746,0.326013,-0.376603,0.187318,0.227103
0.26746,0.326013,-0.376603,0.224645,0.227103
0.51697,0.326013,-0.376603,0.224645,0.227103
0.51697,0.326013,-0.303195,0.224645,0.227103
0.51697,0.0155375,-0.303195,0.224645,0.227103
0.51697,0.0155375,-0.303195,0.224645,0.268892
0.516545,0.0155375,-0.303195,0.224645,0.268892
0.516545,0.0155375,-0.303195,0.224645,0.507078
0.516545,0.0155375,-0.698816,0.224645,0.507078
0.516545,0.0155375,-0.698816,0.224645,0.232326
0.516545,0.0155375,-0.698816,0.314556,0.232326
0.516545,0.0155375,-0.556331,0.314556,0.232326
0.516545,0.0155375,-0.556331,0.314556,0.232326
0.516545,0.0351991,-0.556331,0.314556,0.232326
0.516545,0.0351991,-0.18948,0.314556,0.232326
0.516545,0.0351991,-0.511815,0.314556,0.232326
0.503236,0.0351991,-0.511815,0.314556,0.232326
0.503236,0.0351991,-0.511815,0.0760944,0.232326
0.503236,0.0351991,-0.511815,0.0760944,0.232326
0.503236,0.0351991,-0.57505,0.0760944,0.232326
0.243517,0.0351991,-0.57505,0.0760944,0.232326
0.243517,0.110063,-0.57505,0.0760944,0.232326
0.243517,0.110063,-0.638414,0.0760944,0.232326
0.243517,0.110063,-0.187424,0.0760944,0.232326
0.243517,0.110063,-0.187424,0.142209,0.232326
0.380263,0.110063,-0.187424,0.142209,0.232326
0.380263,0.110063,-0.187424,0.142209,0.0529162
0.380263,0.110063,-0.187424,0.142209,-0.010624
0.493417,0.110063,-0.187424,0.142209,-0.010624
0.493417,0.110063,-0.187424,0.142209,0.358988
0.349138,0.110063,-0.187424,0.142209,0.358988
0.349138,0.110063,-0.948702,0.142209,0.358988
0.349138,0.110063,-0.948702,0.262467,0.358988
0.349138,0.110063,-0.948702,0.262467,0.447737
0.349138,0.110063,-0.307177,0.262467,0.447737
0.490311,0.110063,-0.307177,0.262467,0.447737
0.490311,0.110063,-0.307177,0.296134,0.447737
0.490311,0.110063,-0.307177,0.151285,0.447737
0.490311,0.110063,-0.540281,0.151285,0.447737
0.490311,0.110063,-0.504396,0.151285,0.447737
0.490311,0.0645726,-0.504396,0.151285,0.447737
0.490311,0.0645726,-0.504396,0.151285,0.0100341
0.490311,0.0645726,-0.504396,0.151285,0.0100341
0.490311,0.0645726,-0.504396,0.151285,0.0100341
0.490311,0.0645726,-0.504396,0.0897309,0.0100341
0.490311,0.0645726,-0.504396,0.0897309,0.0100341
0.490311,0.0645726,-0.504396,0.0897309,0.0100341
0.419258,0.0645726,-0.504396,0.0897309,0.0100341
0.419258,0.479349,-0.504396,0.0897309,0.0100341
0.419258,0.278536,-0.504396,0.0897309,0.0100341
0.419258,0.278536,-0.504396,0.248515,0.0100341
0.419258,0.278536,-0.504396,0.248515,0.421835
0.419258,0.278536,-0.504396,0.248515,0.410997
0.261222,0.278536,-0.504396,0.248515,0.410997
0.261222,0.278536,-0.618656,0.248515,0.410997
0.261222,0.278536,-0.618656,0.248515,0.237716
0.261222,0.278536,-0.618656,0.248515,0.36363
0.461147,0.278536,-0.618656,0.248515,0.36363
0.461147,-0.0702692,-0.618656,0.248515,0.36363
0.354784,-0.0702692,-0.618656,0.248515,0.36363
0.354784,-0.0702692,-0.390793,0.248515,0.36363
0.354784,-0.0702692,-0.390793,0.248515,0.400698
0.354784,-0.0702692,-0.390793,0.508484,0.400698
0.354784,-0.0702692,-0.390793,0.508484,0.400698
0.354784,-0.0702692,-0.390793,0.508484,0.221929
0.136041,-0.0702692,-0.390793,0.508484,0.221929
0.480577,-0.0702692,-0.390793,0.508484,0.221929
0.480577,-0.0702692,-0.390793,0.0420609,0.221929
0.480577,-0.0702692,-0.390793,0.0420609,0.073082
0.480577,-0.0702692,-0.390793,0.0747041,0.073082
0.480577,-0.0702692,-0.390793,0.0309041,0.073082
0.480577,-0.0691792,-0.390793,0.0309041,0.073082
0.480577,-0.0691792,-0.375653,0.0309041,0.073082
0.480577,-0.0691792,-0.375653,0.0309041,0.073082
0.529294,-0.0691792,-0.375653,0.0309041,0.073082
0.529294,0.197248,-0.375653,0.0309041,0.073082
0.529294,0.197248,-0.375653,0.308903,0.073082
0.529294,0.197248,-0.357014,0.308903,0.073082
0.529294,0.197248,-0.357014,0.115544,0.073082
0.529294,-0.0406327,-0.357014,0.115544,0.073082
0.529294,-0.0406327,-0.357014,0.115544,0.073082
0.529294,0.219429,-0.357014,0.115544,0.073082
0.529294,0.219429,-0.357014,0.115544,0.073082
0.550657,0.219429,-0.357014,0.115544,0.073082
0.550657,0.219429,-0.357014,0.115544,0.0942423
0.378594,0.219429,-0.357014,0.115544,0.0942423
0.378594,0.219429,-0.357014,0.14999,0.0942423
0.378594,0.310144,-0.357014,0.14999,0.0942423
0.378594,0.310144,-0.501733,0.14999,0.0942423
0.378594,0.310144,-0.532347,0.14999,0.0942423
0.378594,0.310144,-0.339709,0.14999,0.0942423
0.378594,0.310144,-0.339709,0.14999,0.0942423
0.549369,0.310144,-0.339709,0.14999,0.0942423
0.549369,0.310144,-0.339709,0.14999,0.25779
0.549369,0.536931,-0.339709,0.14999,0.25779
0.549369,-0.0677288,-0.339709,0.14999,0.25779
0.549369,-0.0677288,-0.339709,0.0520566,0.25779
0.334563,-0.0677288,-0.339709,0.0520566,0.25779
0.409011,-0.0677288,-0.339709,0.0520566,0.25779
0.409011,-0.0677288,-0.648134,0.0520566,0.25779
0.409011,0.198509,-0.648134,0.0520566,0.25779
0.409011,0.130069,-0.648134,0.0520566,0.25779
0.518388,0.130069,-0.648134,0.0520566,0.25779
0.518388,0.183885,-0.648134,0.0520566,0.25779
0.518388,0.0403018,-0.648134,0.0520566,0.25779
0.518388,0.0403018,-0.561763,0.0520566,0.25779
0.518388,0.0403018,-0.185342,0.0520566,0.25779
0.518388,0.436764,-0.185342,0.0520566,0.25779
0.431468,0.436764,-0.185342,0.0520566,0.25779
0.431468,0.436764,-0.680459,0.0520566,0.25779
0.371854,0.436764,-0.680459,0.0520566,0.25779
0.371854,-0.0774835,-0.680459,0.0520566,0.25779
0.371854,-0.0774835,-0.680459,0.0520566,0.25779
0.371854,0.0604753,-0.680459,0.0520566,0.25779
0.371854,0.259081,-0.680459,0.0520566,0.25779
0.371854,0.440185,-0.680459,0.0520566,0.25779
0.371854,0.440185,-0.694535,0.0520566,0.25779
0.371854,0.440185,-0.694535,0.0520566,0.418904
0.371854,0.440185,-0.694535,0.0520566,0.336091
0.43976,0.440185,-0.694535,0.0520566,0.336091
0.43976,0.603459,-0.694535,0.0520566,0.336091
0.43976,0.603459,-0.694535,0.0520566,0.0847879
0.453506,0.603459,-0.694535,0.0520566,0.0847879
0.453506,0.0815407,-0.694535,0.0520566,0.0847879
0.540754,0.0815407,-0.694535,0.0520566,0.0847879
0.304189,0.0815407,-0.694535,0.0520566,0.0847879
0.304189,0.0815407,0.082524,0.0520566,0.0847879
0.304189,0.0815407,-0.795873,0.0520566,0.0847879
0.304189,0.0815407,-0.795873,0.290941,0.0847879
0.304189,0.0815407,-0.795873,0.290941,0.0847879
0.304189,0.345316,-0.795873,0.290941,0.0847879
0.304189,0.345316,-0.795873,0.356965,0.0847879
0.304189,0.345316,-0.795873,0.356965,0.0847879
0.304189,0.345316,-0.795873,0.356965,0.552937
0.304189,0.345316,-0.795873,0.356965,0.579409
0.304189,0.345316,-0.795873,0.356965,-0.112545
0.304189,0.345316,-0.0905832,0.356965,-0.112545
0.304189,0.345316,-0.0905832,0.356965,0.284427
0.304189,0.345316,-0.209372,0.356965,0.284427
0.304189,0.247725,-0.209372,0.356965,0.284427
0.304189,-0.101355,-0.209372,0.356965,0.284427
0.304189,-0.101355,-0.593796,0.356965,0.284427
0.304189,-0.101355,-0.593796,0.319662,0.284427
0.304189,-0.101355,-0.121778,0.319662,0.284427
0.48434,-0.101355,-0.121778,0.319662,0.284427
0.48434,-0.101355,-0.488817,0.319662,0.284427
0.48434,0.0511803,-0.488817,0.319662,0.284427
0.48434,0.0511803,-0.488817,0.271545,0.284427
0.48434,0.0511803,-0.489412,0.271545,0.284427
0.48434,0.0511803,-0.451467,0.271545,0.284427
0.48434,0.0511803,-0.451467,0.271545,0.284427
0.48434,0.335472,-0.451467,0.271545,0.284427
0.48434,0.335472,-0.451467,0.271545,0.322976
0.48434,0.335472,-0.451467,0.0507453,0.322976
0.48434,0.335472,-0.451467,0.0507453,0.216563
0.48434,0.346543,-0.451467,0.0507453,0.216563
0.48434,0.346543,-0.375581,0.0507453,0.216563
0.48434,0.0017095,-0.375581,0.0507453,0.216563
0.48434,0.151887,-0.375581,0.0507453,0.216563
0.48434,0.151887,-0.375581,0.0507453,0.216563
0.48434,0.151887,-0.375581,0.0507453,0.49557
0.48434,0.151887,-0.375581,0.0507453,-0.232182
0.48434,0.151887,-0.375581,0.0315539,-0.232182
0.48434,0.151887,-0.375581,0.0315539,0.274591
0.48434,0.0731882,-0.375581,0.0315539,0.274591
0.48434,0.00727942,-0.375581,0.0315539,0.274591
0.48434,0.00727942,-0.375581,0.0315539,0.274591
0.48434,0.00727942,-0.375581,0.0418377,0.274591
0.48434,0.00727942,-0.375581,0.0418377,0.724542
0.48434,0.00727942,-0.375581,0.0418377,0.417862
0.48434,0.00727942,-0.375581,0.0418377,0.308086
0.490626,0.00727942,-0.375581,0.0418377,0.308086
0.490626,0.00727942,-0.375581,0.0418377,0.308086
0.490626,0.00727942,-0.433595,0.0418377,0.308086
0.490626,0.287033,-0.433595,0.0418377,0.308086
0.490626,0.287033,-0.433595,0.352338,0.308086
0.490626,0.287033,-0.286194,0.352338,0.308086
0.385418,0.287033,-0.286194,0.352338,0.308086
0.385418,0.287033,-0.286194,0.352338,0.499684
0.385418,0.287033,-0.429346,0.352338,0.499684
0.385418,0.287033,-0.429346,0.352338,0.249077
0.385418,0.287033,-0.217835,0.352338,0.249077
0.385418,0.287033,-0.636764,0.352338,0.249077
0.525984,0.287033,-0.636764,0.352338,0.249077
0.433305,0.287033,-0.636764,0.352338,0.249077
0.433305,0.287033,-0.636764,0.235801,0.249077
0.433305,0.287033,-0.636764,0.235801,0.249077
0.433305,0.287033,-0.636764,-0.0387905,0.249077
0.433305,0.287033,-0.636764,-0.0387905,0.249077
0.433305,0.287033,-0.149176,-0.0387905,0.249077
0.433305,0.287033,-0.149176,0.0836974,0.249077
0.286781,0.287033,-0.149176,0.0836974,0.249077
0.286781,0.287033,-0.301981,0.0836974,0.249077
0.286781,0.287033,-0.781352,0.0836974,0.249077
0.286781,0.287033,-0.749541,0.0836974,0.249077
0.286781,0.329329,-0.749541,0.0836974,0.249077
0.286781,0.329329,-0.253078,0.0836974,0.249077
0.286781,0.329329,-0.253078,0.0825469,0.249077
0.371621,0.329329,-0.253078,0.0825469,0.249077
0.371621,0.329329,-0.253078,0.0825469,0.249077
0.371621,0.329329,-0.514468,0.0825469,0.249077
0.371621,0.329329,-0.514468,0.0825469,0.249077
0.371621,0.0391125,-0.514468,0.0825469,0.249077
0.371621,0.162555,-0.514468,0.0825469,0.249077
0.371621,0.162555,-0.514468,0.0825469,-0.102275
0.371621,0.0274923,-0.514468,0.0825469,-0.102275
0.371621,0.650925,-0.514468,0.0825469,-0.102275
0.371621,0.654887,-0.514468,0.0825469,-0.102275
0.371621,0.654887,-0.514468,0.0825469,0.566851
0.371621,0.654887,-0.514468,0.0825469,0.566851
0.371621,0.654887,-0.514468,0.0825469,0.206108
0.371621,0.654887,-0.514468,0.0825469,0.521682
0.371621,0.654887,-0.514468,0.0825469,0.368857
0.371621,0.654887,-0.514468,0.0825469,0.486255
0.371621,0.654887,-0.332978,0.0825469,0.486255
0.120568,0.654887,-0.332978,0.0825469,0.486255
0.120568,0.654887,-0.332978,0.0825469,0.594626
0.120568,0.654887,-0.765638,0.0825469,0.594626
0.120568,0.672923,-0.765638,0.0825469,0.594626
0.120568,0.672923,-0.765638,0.0939428,0.594626
0.120568,0.705096,-0.765638,0.0939428,0.594626
0.120568,0.705096,-0.796395,0.0939428,0.594626
0.120568,0.23233,-0.796395,0.0939428,0.594626
0.120568,0.23233,-0.289401,0.0939428,0.594626
0.120568,0.23233,-0.289401,0.0939428,-0.0756007
0.120568,0.339054,-0.289401,0.0939428,-0.0756007
0.120568,0.339054,-0.289401,0.0939428,0.782965
0.120568,0.339054,-0.367078,0.0939428,0.782965
0.120568,0.339054,-0.367078,0.0939428,-0.171679
0.378324,0.339054,-0.367078,0.0939428,-0.171679
0.378324,0.339054,-0.837316,0.0939428,-0.171679
0.34884,0.339054,-0.837316,0.0939428,-0.171679
0.34884,0.250929,-0.837316,0.0939428,-0.171679
0.34884,0.250929,-0.837316,0.0939428,-0.242197
0.34884,0.250929,-0.837316,0.0939428,0.233301
0.34884,0.250929,-0.837316,0.0939428,0.24823
0.31461,0.250929,-0.837316,0.0939428,0.24823
0.31461,0.250929,-0.697069,0.0939428,0.24823
0.472053,0.250929,-0.697069,0.0939428,0.24823
0.472053,0.250929,-0.697069,0.0939428,0.403739
0.472053,0.250929,-0.143967,0.0939428,0.403739
0.472053,0.250929,-0.143967,0.0939428,0.211923
0.472053,0.250929,-0.143967,0.0939428,0.211923
0.472053,0.250929,-0.338909,0.0939428,0.211923
0.472053,0.250929,-0.552722,0.0939428,0.211923
0.472053,0.250929,-0.519274,0.0939428,0.211923
0.472053,0.250929,-0.519274,0.0939428,0.211923
0.472053,0.250929,-0.519274,0.0939428,0.244397
0.285849,0.250929,-0.519274,0.0939428,0.244397
0.285849,0.250929,-0.519274,0.0939428,0.244397
0.285849,0.250929,-0.350989,0.0939428,0.244397
0.285849,0.050603,-0.350989,0.0939428,0.244397
0.285849,0.050603,-0.350989,0.0939428,0.244397
0.285849,0.050603,-0.350989,0.0939428,0.214393
0.285849,0.050603,-0.350989,0.0939428,0.214393
0.285849,0.050603,-0.350989,0.0939428,0.214393
0.285849,0.050603,-0.816275,0.0939428,0.214393
0.285849,0.200921,-0.816275,0.0939428,0.214393
0.317165,0.200921,-0.816275,0.0939428,0.214393
0.317165,0.200921,-0.369723,0.0939428,0.214393
0.272752,0.200921,-0.369723,0.0939428,0.214393
0.272752,0.200921,-0.369723,0.0939428,0.3836
0.272752,0.0908949,-0.369723,0.0939428,0.3836
0.272752,0.0908949,-0.369723,0.0939428,0.3836
0.52441,0.0908949,-0.369723,0.0939428,0.3836
0.52441,0.0908949,-0.369723,0.0939428,0.3836
0.52441,0.0908949,-0.369723,0.0594183,0.3836
0.52441,0.0908949,-0.369723,0.223915,0.3836
0.52441,-0.0310271,-0.369723,0.223915,0.3836
0.52441,-0.0310271,-0.365538,0.223915,0.3836
0.52441,-0.0310271,-0.365538,0.223915,0.388753
0.52441,-0.0310271,-0.501936,0.223915,0.388753
0.52441,-0.0310271,-0.669241,0.223915,0.388753
0.52441,-0.0310271,-0.386853,0.223915,0.388753
0.52441,-0.0310271,-0.386853,0.223915,0.388753
0.52441,-0.0310271,-0.436103,0.223915,0.388753
0.52441,-0.0310271,-0.443871,0.223915,0.388753
0.52441,0.0442108,-0.443871,0.223915,0.388753
0.64508,0.0442108,-0.443871,0.223915,0.388753
0.15715,0.0442108,-0.443871,0.223915,0.388753
0.15715,0.0442108,-0.443871,0.167766,0.388753
0.15715,0.0442108,-0.443871,0.167766,0.410477
0.15715,0.0442108,-0.443871,0.167766,0.110243
0.15715,0.0798133,-0.443871,0.167766,0.110243
0.15715,0.0798133,-0.443871,0.167766,0.624827
0.15715,0.120542,-0.443871,0.167766,0.624827
0.385551,0.120542,-0.443871,0.167766,0.624827
0.385551,0.120542,-0.443871,0.167766,0.128237
0.385551,-0.0822177,-0.443871,0.167766,0.128237
0.385551,0.377587,-0.443871,0.167766,0.128237
0.385551,0.377587,-0.443871,0.167766,0.128237
0.416295,0.377587,-0.443871,0.167766,0.128237
0.416295,0.377587,-0.443871,0.167766,0.242304
0.416295,0.377587,-0.443871,0.167766,-0.233192
0.416295,0.377587,-0.443871,0.167766,-0.233192
0.416295,0.377587,-0.443871,0.167766,0.693857
0.330335,0.377587,-0.443871,0.167766,0.693857
0.330335,0.377587,-0.443871,0.167766,0.459178
0.330335,0.377587,-0.443871,0.167766,0.0254383
0.330335,0.377587,-0.443871,0.224187,0.0254383
0.578836,0.377587,-0.443871,0.224187,0.0254383
0.619284,0.377587,-0.443871,0.224187,0.0254383
0.619284,0.377587,-0.443871,0.205391,0.0254383
0.619284,0.377587,-0.443871,0.205391,0.690172
0.619284,0.377587,-0.443871,0.205391,0.21896
0.619284,0.102629,-0.443871,0.205391,0.21896
0.619284,0.102629,-0.443871,0.205391,0.217023
0.563223,0.102629,-0.443871,0.205391,0.217023
0.563223,0.102629,-0.443871,0.205391,0.252243
0.563223,0.102629,-0.409455,0.205391,0.252243
0.423357,0.102629,-0.409455,0.205391,0.252243
0.423357,0.0927203,-0.409455,0.205391,0.252243
0.423357,0.0927203,-0.409455,0.205391,0.497911
0.423357,0.0927203,-0.22915,0.205391,0.497911
0.230685,0.0927203,-0.22915,0.205391,0.497911
0.230685,0.0927203,-0.22915,0.205391,0.358058
0.230685,0.0927203,-0.22915,0.205391,0.0166506
0.230685,-0.157032,-0.22915,0.205391,0.0166506
0.230685,-0.157032,-0.22915,0.205391,0.0166506
0.230685,-0.157032,-0.22915,0.205391,0.313842
0.230685,-0.157032,-0.0966761,0.205391,0.313842
0.230685,-0.157032,-0.0966761,0.205391,0.403881
0.230685,-0.157032,-0.0966761,0.205391,0.343056
0.674994,-0.157032,-0.0966761,0.205391,0.343056
0.674994,0.581323,-0.0966761,0.205391,0.343056
0.674994,0.581323,-0.0966761,0.205391,0.343056
0.515318,0.581323,-0.0966761,0.205391,0.343056
0.515318,0.238956,-0.0966761,0.205391,0.343056
0.515318,0.238956,-0.0966761,0.205391,0.39133
0.515318,0.238956,-0.672975,0.205391,0.39133
0.515318,0.238956,-0.672975,0.205391,0.39133
0.515318,0.238956,-0.672975,0.205391,0.429291
0.255382,0.238956,-0.672975,0.205391,0.429291
0.255382,0.238956,-0.672975,0.205391,0.429291
0.255382,0.125909,-0.672975,0.205391,0.429291
0.255382,0.125909,-0.549869,0.205391,0.429291
0.255382,0.341495,-0.549869,0.205391,0.429291
0.255382,-0.0825316,-0.549869,0.205391,0.429291
0.255382,0.0209561,-0.549869,0.205391,0.429291
0.604232,0.0209561,-0.549869,0.205391,0.429291
0.604232,0.0209561,-0.549869,0.205391,0.429291
0.604232,-0.372495,-0.549869,0.205391,0.429291
0.604232,-0.372495,-0.461623,0.205391,0.429291
0.604232,-0.372495,-0.461623,0.11956,0.429291
0.604232,-0.372495,-0.461623,0.11956,0.255631
0.604232,-0.372495,-0.328634,0.11956,0.255631
0.604232,0.536788,-0.328634,0.11956,0.255631
0.408285,0.536788,-0.328634,0.11956,0.255631
0.408285,0.234945,-0.328634,0.11956,0.255631
0.408285,0.337717,-0.328634,0.11956,0.255631
0.408285,0.337717,-0.328634,0.11956,-0.133215
0.408285,0.337717,-0.782103,0.11956,-0.133215
0.408285,0.337717,-0.133417,0.11956,-0.133215
0.408285,0.0530771,-0.133417,0.11956,-0.133215
0.408285,0.221453,-0.133417,0.11956,-0.133215
0.408285,0.221453,-0.133417,0.200937,-0.133215
0.408285,0.221453,-0.133417,0.200937,0.220804
0.408285,0.315905,-0.133417,0.200937,0.220804
0.408285,0.315905,-0.198106,0.200937,0.220804
0.408285,0.393021,-0.198106,0.200937,0.220804
0.408285,0.393021,-0.27807,0.200937,0.220804
0.465716,0.393021,-0.27807,0.200937,0.220804
0.412545,0.393021,-0.27807,0.200937,0.220804
0.412545,0.393021,-0.27807,0.200937,0.220804
0.412545,0.393021,-0.27807,0.200937,-0.17963
0.412545,0.393021,-0.27807,0.194249,-0.17963
0.412545,-0.123094,-0.27807,0.194249,-0.17963
0.412545,-0.123094,-0.27807,0.194249,-0.099548
0.412545,-0.123094,-0.691394,0.194249,-0.099548
0.412545,-0.123094,-0.691394,0.194249,0.483835
0.412545,-0.123094,-0.691394,0.194249,0.483835
0.438147,-0.123094,-0.691394,0.194249,0.483835
0.438147,-0.123094,-0.518213,0.194249,0.483835
0.438147,-0.123094,-0.518213,0.120472,0.483835
0.438147,0.536421,-0.518213,0.120472,0.483835
0.445258,0.536421,-0.518213,0.120472,0.483835
0.445258,0.536421,-0.390375,0.120472,0.483835
0.445258,0.536421,-0.27724,0.120472,0.483835
0.445258,0.536421,-0.27724,0.215461,0.483835
0.445258,0.311314,-0.27724,0.215461,0.483835
0.445258,0.311314,-0.423584,0.215461,0.483835
0.445258,0.387562,-0.423584,0.215461,0.483835
0.445258,-0.0103988,-0.423584,0.215461,0.483835
0.445258,-0.0103988,-0.423584,0.215461,0.483835
0.445258,-0.0103988,-0.423584,0.215461,0.45921
0.445258,-0.0103988,-0.438488,0.215461,0.45921
0.445258,-0.0103988,-0.708403,0.215461,0.45921
0.445258,0.242898,-0.708403,0.215461,0.45921
0.445258,0.242898,-0.502586,0.215461,0.45921
0.445258,0.242898,-0.502586,0.233125,0.45921
0.603569,0.242898,-0.502586,0.233125,0.45921
0.603569,0.242898,-0.502586,0.233125,0.338614
0.290791,0.242898,-0.502586,0.233125,0.338614
0.290311,0.242898,-0.502586,0.233125,0.338614
0.290311,0.242898,-0.502586,0.233125,0.0734751
0.290311,0.242898,-0.70298,0.233125,0.0734751
0.489375,0.242898,-0.70298,0.233125,0.0734751
0.489375,0.242898,-0.735348,0.233125,0.0734751
0.489375,0.242898,-0.735348,0.13567,0.0734751
0.489375,0.242898,-0.442661,0.13567,0.0734751
0.489375,0.242898,-0.442661,0.32246,0.0734751
0.489375,0.242898,-0.442661,0.0728347,0.0734751
0.459466,0.242898,-0.442661,0.0728347,0.0734751
0.459466,0.242898,-0.442661,0.0728347,0.364043
0.459466,0.242898,-0.442661,0.0728347,0.364043
0.459466,0.485385,-0.442661,0.0728347,0.364043
0.459466,-0.0968984,-0.442661,0.0728347,0.364043
0.459466,-0.0968984,-0.442661,0.0728347,0.31774
0.459466,-0.0968984,-0.442661,0.0728347,0.373062
0.459466,0.195781,-0.442661,0.0728347,0.373062
0.459466,0.195781,-0.442661,0.0728347,0.373062
